ID,IntRate,LoanAmt,LoanTerm,Debt2Inc,Home__MORT,Home__OWN,Home__RENT,MonthlyInc,RevCredBal,FICO,EmpLen
81174,8.9,20000,0,14.9,1,0,0,6541.67,14272.0,737,0
99592,12.12,19200,0,28.36,1,0,0,4583.33,11140.0,717,2
80059,21.98,35000,1,23.81,1,0,0,11500.0,21977.0,692,2
33182,11.71,12000,0,18.78,0,0,1,3195.0,14469.0,697,9
62403,15.31,6000,0,20.05,0,1,0,4891.67,10391.0,672,3
48808,7.9,10000,0,26.09,0,0,1,2916.67,15957.0,722,10
76404,14.33,14675,0,26.92,0,0,1,3150.0,7246.0,687,8
15867,6.91,7000,0,7.1,0,0,1,5000.0,7612.0,717,3
94971,19.72,2000,0,10.29,0,0,1,3575.0,12036.0,672,6
36911,14.27,10625,0,12.54,1,0,0,4250.0,10767.0,667,0
53853,7.62,9600,0,3.45,0,0,1,11250.0,4606.0,727,0
62127,12.12,10000,0,17.72,0,0,1,9000.0,20317.0,697,7
44987,9.76,10000,0,7.13,0,0,1,2733.33,6112.0,732,3
99483,19.05,30000,1,21.25,1,0,0,6250.0,34927.0,697,6
28798,17.99,6500,1,19.63,0,0,1,4100.0,11697.0,667,2
24168,11.99,17400,0,12.47,0,0,1,6833.33,26587.0,697,7
10356,16.82,4000,1,13.71,1,0,0,4500.0,20804.0,672,3
46027,7.9,7200,0,24.82,0,0,1,5416.67,12017.0,707,7
2238,14.42,8000,0,24.63,0,0,1,2964.17,8928.0,677,6
65278,15.31,8000,0,15.46,1,0,0,2916.67,7152.0,677,5
4227,8.59,3000,0,3.72,1,0,0,4167.0,7074.0,767,5
50182,7.9,14500,0,4.85,1,0,0,3958.33,9598.0,762,4
87023,21.0,23850,1,28.81,1,0,0,5833.33,25968.0,687,9
46120,12.12,14000,0,14.93,1,0,0,10583.33,35457.0,687,2
94582,15.8,16000,1,11.94,0,0,1,5250.0,154.0,687,3
39591,7.9,7200,0,7.98,0,0,1,5666.67,8783.0,722,3
78862,7.62,20125,0,4.29,1,0,0,3750.0,73952.0,832,1
98029,17.27,3200,0,8.36,1,0,0,2500.0,6619.0,672,3
95579,11.14,12725,0,22.15,0,0,1,4416.67,4079.0,722,3
4868,19.13,5500,0,3.58,0,0,1,12000.0,0.0,662,8
26822,21.74,15650,0,13.86,0,0,1,3700.0,10605.0,662,4
98445,17.27,9000,0,25.22,0,0,1,5166.67,5852.0,677,10
14958,11.86,5000,0,4.0,0,0,1,5577.0,1069.0,717,1
14754,10.38,3000,0,15.21,0,0,1,3083.33,3098.0,712,2
26888,7.49,5450,1,2.48,1,0,0,4600.0,4326.0,787,10
81759,12.12,14000,0,11.38,1,0,0,4500.0,18583.0,707,5
16667,17.44,3000,0,15.79,0,0,1,7952.0,12578.0,662,8
92046,17.27,32000,1,15.61,0,0,1,9250.0,32566.0,702,2
88279,21.49,22250,1,28.87,0,0,1,4166.67,14107.0,667,9
82406,11.14,16450,0,7.57,0,0,1,7500.0,2928.0,727,1
17143,12.98,2500,0,16.45,0,0,1,1100.0,5019.0,672,4
27486,9.99,6000,0,7.5,1,0,0,2625.0,5167.0,717,10
96613,14.33,27575,0,19.63,1,0,0,5166.67,8720.0,692,10
6263,8.59,1000,0,10.69,0,1,0,4583.33,17069.0,757,0
29283,11.49,12000,0,12.85,0,0,1,2708.33,12150.0,707,0
99766,10.16,30000,0,22.21,1,0,0,8000.0,33218.0,717,10
85893,14.33,13500,0,31.7,0,0,1,4166.67,31168.0,682,1
98972,15.8,9000,0,22.65,1,0,0,3250.0,16480.0,667,3
44054,9.91,15000,0,9.16,1,0,0,4250.0,11615.0,732,10
51948,7.9,5300,0,12.82,0,0,1,5500.0,9996.0,727,1
48676,13.11,7000,0,16.76,0,0,1,3650.0,6444.0,687,5
71489,14.09,8000,0,12.06,0,0,1,5000.0,15360.0,697,6
48319,8.9,7500,0,10.02,0,0,1,5500.0,2382.0,717,6
83768,17.27,12000,0,14.86,0,1,0,4583.33,9145.0,667,10
88084,15.31,6000,0,15.91,0,0,1,3833.33,5760.0,672,10
9664,6.76,4500,0,14.74,1,0,0,2666.67,2705.0,792,7
1494,10.83,1600,0,5.36,0,0,1,2427.0,7020.0,702,3
61703,17.77,10000,0,30.4,0,1,0,2500.0,8379.0,667,8
21993,13.06,7450,0,3.3,1,0,0,5883.33,6416.0,712,10
58359,7.62,3225,0,17.79,1,0,0,5833.33,70323.0,762,10
67335,17.77,23675,0,29.94,0,1,0,6399.0,21920.0,682,10
57080,12.12,12000,0,18.62,0,0,1,5833.33,18838.0,692,10
30035,16.49,25000,0,18.18,0,0,1,6000.0,10630.0,697,7
67158,14.09,10000,0,21.45,0,0,1,4583.33,8548.0,677,6
33777,7.51,6000,0,2.52,1,0,0,4800.0,1442.0,752,10
59724,13.11,6000,0,15.33,0,0,1,3333.33,12503.0,687,2
95096,16.29,7925,0,21.25,0,0,1,2000.0,7840.0,667,6
13216,14.35,6000,0,14.08,1,0,0,2500.0,3621.0,677,0
53271,6.62,7000,0,8.03,1,0,0,10000.0,6761.0,752,6
25380,5.99,4500,0,18.48,1,0,0,10000.0,17863.0,767,6
6987,11.14,12000,0,2.37,1,0,0,12500.0,10944.0,737,5
96413,19.72,10375,0,4.99,0,0,1,4166.67,6122.0,667,5
88273,18.75,4800,0,10.89,1,0,0,5833.33,17943.0,672,10
48519,13.11,6400,0,11.46,1,0,0,4666.67,8942.0,702,10
69456,7.9,5000,0,17.22,0,1,0,4000.0,6023.0,707,10
41198,6.62,12000,0,21.66,0,0,1,5250.0,20639.0,742,0
34122,10.65,15000,0,16.15,1,0,0,7083.33,338.0,722,9
98634,6.03,20000,0,18.67,1,0,0,14583.33,29044.0,717,7
82476,14.09,10000,0,10.59,0,0,1,2916.67,10390.0,692,0
67263,14.09,18825,0,13.08,0,0,1,4000.0,20694.0,712,4
18452,6.17,4000,0,15.0,0,0,1,4234.0,587.0,747,2
57866,13.99,5750,0,12.44,0,0,1,5000.0,12465.0,662,10
77151,15.8,20950,0,15.71,1,0,0,12916.67,30188.0,692,4
25405,10.99,8000,0,14.76,0,0,1,7500.0,7120.0,712,0
85686,14.09,10000,0,14.76,0,0,1,5000.0,4762.0,677,4
54649,6.03,14000,0,19.53,1,0,0,6000.0,4140.0,767,8
19069,7.66,5000,0,3.33,0,0,1,9000.0,12297.0,737,10
74479,19.05,25000,1,10.53,1,0,0,6250.0,15159.0,702,9
76693,8.9,35000,0,14.62,0,0,1,10416.67,21321.0,737,10
32008,8.49,14000,1,9.89,1,0,0,9000.0,23773.0,762,4
80638,19.72,25000,1,32.1,0,1,0,4916.67,35208.0,697,7
36889,14.65,10800,0,7.89,0,0,1,9583.33,6487.0,677,0
72169,14.33,20000,0,21.44,1,0,0,6250.0,14268.0,702,9
59117,9.76,1400,0,27.14,1,0,0,4683.33,6466.0,732,2
15427,16.32,7500,0,12.54,1,0,0,4600.0,6120.0,667,2
85618,14.09,5000,0,29.02,1,0,0,5416.67,3977.0,682,0
19328,16.4,7500,0,13.34,0,0,1,4166.67,7430.0,662,0
20263,5.79,10000,0,6.49,1,0,0,12500.0,75629.0,747,1
9194,9.88,3200,0,6.51,0,0,1,4500.0,3198.0,742,5
27520,15.99,5500,1,17.95,0,0,1,4250.0,13256.0,702,10
69242,23.28,18000,1,9.05,0,0,1,7083.33,13106.0,662,10
48662,13.11,8800,0,16.73,0,0,1,3150.25,14266.0,702,4
65775,11.14,7000,0,23.02,1,0,0,6000.0,19634.0,707,6
92773,13.11,8000,0,19.01,0,0,1,2625.0,7554.0,727,5
81950,14.33,11625,0,22.84,1,0,0,2833.33,27411.0,707,8
84215,21.49,30000,0,16.7,1,0,0,12500.0,19096.0,672,9
93352,8.9,16000,0,19.71,0,0,1,7083.33,6185.0,722,4
103874,13.98,10000,1,14.86,0,0,1,3916.67,5188.0,712,4
5169,11.48,6000,0,18.2,1,0,0,5031.67,50935.0,707,10
29812,13.49,8000,0,14.92,0,0,1,5000.0,4786.0,687,2
56991,18.25,15000,0,9.73,1,0,0,5000.0,14596.0,662,8
62537,17.77,7000,0,32.25,0,0,1,3333.33,35604.0,667,7
22858,6.92,8400,0,13.3,0,0,1,3000.0,6998.0,747,1
78602,7.9,15000,0,18.62,1,0,0,4500.0,17212.0,742,7
87504,10.16,2800,0,12.0,0,0,1,2083.33,7261.0,697,0
92105,16.29,7750,0,26.74,1,0,0,2916.67,17102.0,682,5
59387,8.9,4500,0,18.18,0,0,1,2166.67,5361.0,702,4
62445,15.31,18000,1,4.93,0,0,1,5258.5,11596.0,712,10
24320,15.23,6000,0,19.57,0,1,0,4583.33,8077.0,667,1
96988,13.11,10000,0,7.56,0,0,1,2500.0,10906.0,687,7
47002,8.9,12000,0,12.46,0,0,1,5000.0,13940.0,727,10
53897,12.12,10000,0,18.4,1,0,0,5000.0,13202.0,687,10
59272,7.62,1200,0,8.69,1,0,0,3833.33,350.0,732,7
80512,11.14,2500,0,10.08,0,0,1,4333.33,4922.0,722,3
90748,7.9,16000,0,12.3,1,0,0,8416.67,21913.0,697,5
81914,10.16,5000,0,24.5,1,0,0,6250.0,33705.0,702,6
97954,19.05,4375,0,9.09,0,0,1,2916.67,6944.0,672,6
30600,16.89,12000,1,15.24,1,0,0,7500.0,28589.0,677,3
63340,18.49,7000,0,18.9,1,0,0,2000.0,7315.0,662,1
35313,12.69,20800,1,7.08,1,0,0,6541.67,13197.0,732,1
45225,13.11,19200,1,3.45,1,0,0,8333.33,50625.0,747,2
98090,15.8,22000,1,21.32,1,0,0,5416.67,10267.0,702,10
71142,19.05,15000,0,24.88,0,0,1,6000.0,12162.0,677,1
52333,8.9,20000,0,17.08,0,0,1,4916.67,14952.0,732,4
15274,6.17,2000,0,18.35,0,0,1,5733.58,21998.0,747,3
64690,14.09,6000,0,22.5,0,0,1,2666.67,5955.0,672,10
66605,15.8,5000,0,34.2,0,0,1,3750.0,5414.0,667,3
43053,7.9,16350,0,25.03,0,1,0,4541.67,25731.0,732,9
59192,7.9,20000,0,20.04,1,0,0,4625.0,31335.0,757,10
80538,12.12,12300,0,10.01,0,0,1,6583.33,12450.0,692,1
78519,13.11,4800,0,4.61,0,0,1,2666.67,7911.0,692,0
48236,7.9,14500,0,11.96,0,0,1,4500.0,16398.0,737,6
69446,14.09,22250,0,32.1,1,0,0,6583.33,44868.0,692,10
18161,14.09,8000,0,7.68,0,0,1,25000.0,28579.0,677,8
78856,17.77,8325,0,20.75,0,0,1,2000.0,7676.0,667,0
48412,13.11,14000,0,8.12,0,1,0,10416.67,4776.0,732,7
60192,10.16,9000,0,3.98,1,0,0,6000.0,5659.0,707,7
97275,13.11,16000,0,17.61,1,0,0,6083.33,15148.0,682,2
39722,10.65,24000,0,14.8,0,0,1,3750.0,24708.0,727,10
54880,15.31,16450,0,11.66,1,0,0,6666.67,12697.0,687,9
81508,12.12,7500,0,26.56,1,0,0,5000.0,9047.0,712,10
98671,22.47,4750,0,24.45,0,0,1,1333.33,4752.0,667,0
80765,7.9,6500,0,12.56,0,0,1,6750.0,33229.0,722,8
59041,6.03,9600,0,7.52,1,0,0,6250.0,765.0,752,0
34051,7.51,2000,0,16.73,0,0,1,1500.0,2925.0,732,4
99360,24.89,18000,1,14.88,0,0,1,4000.0,7377.0,667,8
79126,12.12,5825,0,4.0,0,1,0,3750.0,5643.0,692,1
103249,15.31,2500,0,22.81,0,0,1,2530.0,5276.0,672,0
43700,19.91,7200,1,2.0,0,0,1,5500.0,2130.0,662,9
83155,14.33,8000,0,11.85,0,0,1,3941.58,9660.0,672,2
94386,13.11,6250,0,28.61,0,0,1,1779.17,7455.0,722,3
49074,13.67,12375,0,22.42,1,0,0,2083.33,12226.0,682,3
88558,10.16,18000,0,16.71,1,0,0,6666.67,19850.0,687,6
31714,6.99,3300,0,20.04,0,0,1,3333.33,0.0,762,1
68991,18.49,21000,1,16.4,1,0,0,8833.33,29293.0,702,1
75034,16.29,24575,0,19.6,1,0,0,5250.0,20858.0,697,10
67649,16.29,20000,0,23.59,1,0,0,5833.33,12696.0,682,0
34983,6.62,13250,0,28.64,1,0,0,5750.0,7174.0,752,8
28402,8.49,10000,0,13.58,1,0,0,4166.67,8455.0,717,10
82112,12.12,12000,0,14.66,1,0,0,5000.0,13235.0,712,2
85220,10.16,4825,0,14.89,0,0,1,2400.0,6109.0,707,1
29422,16.89,7550,0,21.94,0,0,1,2880.0,1989.0,672,8
96028,14.09,6000,0,15.72,0,0,1,5083.33,10373.0,672,4
104202,15.57,8000,1,2.38,0,0,1,5291.67,1252.0,702,5
10096,14.59,3000,0,24.2,1,0,0,5000.0,5527.0,667,5
30184,5.99,8400,0,8.7,0,1,0,3000.0,6215.0,752,2
48402,14.65,35000,0,12.2,1,0,0,14166.67,103354.0,722,8
50781,7.9,15000,0,21.54,0,1,0,5000.0,21555.0,732,2
65889,7.62,6000,0,9.33,0,0,1,8315.67,6239.0,732,2
79217,17.77,29000,0,15.7,0,0,1,7666.67,23319.0,697,2
83672,15.31,20000,0,27.35,0,0,1,5250.0,11343.0,692,6
97016,10.16,7000,0,10.76,1,0,0,4341.67,13638.0,697,7
73664,17.27,6000,0,6.91,1,0,0,4025.67,6652.0,667,5
42222,15.27,10000,0,4.02,0,0,1,4480.0,7614.0,672,1
24026,17.49,3200,0,1.37,0,0,1,2917.0,1427.0,667,0
68139,17.77,23000,0,25.84,1,0,0,6625.0,19870.0,687,3
32974,12.69,3000,0,3.12,0,0,1,2083.33,844.0,717,3
82788,15.8,1200,0,27.14,0,0,1,2166.67,9076.0,667,3
22444,13.06,11000,0,22.42,1,0,0,7916.67,34314.0,692,0
95117,16.29,18000,0,17.62,1,0,0,5250.0,9379.0,672,5
35299,11.71,6000,0,21.45,0,0,1,3100.0,10426.0,687,2
84283,15.31,10000,0,27.71,0,0,1,3750.0,19385.0,682,3
83786,15.8,6000,0,7.94,0,0,1,5000.0,14784.0,672,10
85172,6.03,4000,0,13.03,0,0,1,2916.67,2860.0,752,5
41190,11.71,20000,1,10.98,1,0,0,5416.67,20836.0,747,10
57127,19.99,24000,1,3.48,0,0,1,8333.33,8224.0,692,5
70843,14.09,8000,0,14.31,0,0,1,3500.0,5074.0,692,4
73060,6.62,12000,0,13.88,1,0,0,7125.0,20639.0,777,5
88845,8.9,17600,0,16.58,1,0,0,4166.67,235.0,752,8
14556,18.67,8000,1,5.56,0,0,1,2500.0,5770.0,662,6
61042,6.62,16800,0,3.87,0,1,0,16083.33,13470.0,802,8
70987,7.9,35000,0,20.7,1,0,0,12083.33,28864.0,792,10
70752,14.33,9950,0,4.19,1,0,0,4800.0,5038.0,687,5
68413,19.05,10000,1,28.39,0,0,1,3726.67,10067.0,697,5
74613,13.11,6000,0,19.97,1,0,0,5833.33,5523.0,687,1
82673,7.9,35000,0,20.27,1,0,0,12083.33,35242.0,772,10
56341,7.9,5600,0,16.54,0,0,1,1916.67,3373.0,707,5
32601,7.9,17000,0,6.43,0,0,1,6250.0,1352.0,797,6
25674,12.99,15000,1,17.45,0,0,1,5666.67,10855.0,717,3
73376,11.14,3000,0,1.7,1,0,0,7750.0,874.0,687,10
89741,17.77,12000,0,9.86,0,0,1,3083.33,4390.0,667,4
33667,14.27,25000,0,14.59,1,0,0,9000.0,22364.0,707,7
77788,14.33,4750,1,23.48,0,0,1,1500.0,1687.0,742,0
36163,9.91,25000,0,15.38,0,0,1,5500.0,11395.0,732,3
27201,11.99,12000,1,4.3,1,0,0,3583.33,3942.0,757,2
60064,19.72,20000,0,13.74,1,0,0,7965.0,18809.0,667,7
39439,15.96,10000,0,13.09,0,0,1,4416.67,23870.0,667,10
98321,20.49,9750,0,10.55,0,0,1,3033.33,8688.0,662,4
61683,14.09,10000,0,15.02,1,0,0,6000.0,8178.0,687,8
81939,19.72,25000,1,1.31,1,0,0,5666.67,92.0,702,10
9885,14.22,5000,0,18.73,1,0,0,8583.0,8097.0,672,1
19235,5.79,6500,0,22.84,1,0,0,6400.0,7435.0,732,8
73893,15.31,8325,0,15.22,0,0,1,2916.67,7171.0,672,4
65788,15.31,20000,1,13.94,1,0,0,8333.33,22246.0,712,10
70001,12.12,12000,0,20.32,1,0,0,5166.67,10054.0,712,4
14355,11.49,7200,1,16.78,0,0,1,2944.0,5459.0,717,6
85461,10.16,8500,0,11.23,1,0,0,6091.83,10568.0,712,3
76503,19.05,17475,1,22.95,1,0,0,4583.33,15852.0,687,10
71743,12.12,10000,0,13.49,1,0,0,3113.83,6634.0,692,4
40840,7.9,5000,0,16.44,1,0,0,2298.75,12346.0,722,10
91018,15.31,12300,0,19.26,1,0,0,5000.0,4460.0,712,10
20772,11.11,1675,0,4.81,0,0,1,2080.0,1466.0,692,3
7006,17.04,7500,0,4.92,0,0,1,4000.0,8398.0,687,7
17832,12.61,9200,0,15.42,1,0,0,12833.33,17391.0,677,2
82746,15.8,8000,0,10.76,1,0,0,4583.33,4084.0,677,2
28147,10.99,5000,0,23.25,0,0,1,2000.0,8339.0,692,0
46059,18.25,19125,1,15.69,0,1,0,3333.33,7858.0,692,5
72582,12.12,5000,0,16.97,1,0,0,6800.0,25524.0,677,10
66149,10.16,4000,0,4.58,0,0,1,3168.0,6916.0,717,0
41523,7.9,16000,0,2.23,1,0,0,7083.33,3076.0,742,5
76858,17.77,15500,0,27.6,0,1,0,3333.33,8692.0,677,4
91738,13.11,16000,1,14.88,1,0,0,7916.67,22918.0,697,10
21508,13.06,9000,1,5.74,0,0,1,3678.08,7556.0,712,4
46748,22.78,30000,1,24.71,0,0,1,6041.67,39144.0,692,1
25426,10.59,10000,0,7.43,0,0,1,3833.33,10187.0,737,10
76810,19.05,14000,0,31.02,1,0,0,5000.0,12728.0,662,7
76324,15.31,18000,1,22.93,0,0,1,5734.08,2819.0,712,4
48235,6.62,10000,0,19.05,1,0,0,5208.33,28302.0,742,10
50533,13.11,25975,1,15.51,1,0,0,4583.33,3607.0,737,9
79478,14.09,10350,0,20.46,0,0,1,3333.33,10841.0,692,1
88920,17.77,10850,0,33.9,0,1,0,2708.33,9577.0,662,8
28663,5.42,4075,0,23.41,1,0,0,3750.0,34103.0,772,6
71249,10.16,12000,0,27.48,1,0,0,5000.0,10490.0,712,7
101208,13.11,5900,0,14.19,1,0,0,3010.0,5921.0,702,10
81822,6.03,7200,0,17.27,1,0,0,3416.67,4838.0,792,10
38540,16.77,14750,1,17.32,1,0,0,2500.0,11003.0,687,8
20785,14.91,20000,0,19.43,1,0,0,6250.0,14308.0,717,5
83841,12.12,8000,0,24.98,0,0,1,3166.67,5428.0,692,10
38903,8.9,4000,0,13.16,1,0,0,5166.67,7171.0,722,3
90332,13.11,6000,0,18.1,0,0,1,3750.0,14468.0,692,7
77035,14.09,5375,0,15.05,1,0,0,5416.67,4087.0,687,1
39792,10.65,7000,0,7.38,0,0,1,3333.33,12168.0,702,0
80904,15.31,12000,0,21.83,0,0,1,6416.67,11583.0,682,2
60688,18.75,21250,0,26.53,0,1,0,4500.0,25287.0,672,10
68301,19.72,3600,1,22.22,1,0,0,3200.0,11702.0,682,0
82419,14.33,12000,0,28.2,1,0,0,3333.33,10727.0,672,10
71540,14.33,10050,0,16.48,0,0,1,2500.0,13337.0,692,0
67109,8.9,4025,0,15.32,1,0,0,5000.0,15943.0,702,8
48352,6.62,5000,0,1.2,0,0,1,5000.0,531.0,782,2
22993,7.29,10000,0,7.94,1,0,0,5833.33,3181.0,737,8
50602,6.03,10000,0,24.66,1,0,0,2940.25,5904.0,757,10
52285,8.9,10000,0,22.66,0,0,1,2083.33,12724.0,717,9
77559,7.9,18000,0,18.36,0,0,1,5833.33,12522.0,732,0
98980,16.29,7000,0,24.93,1,0,0,3833.33,18792.0,682,3
53808,13.11,6000,0,12.4,0,0,1,1000.0,3622.0,687,1
32517,6.62,5600,0,7.23,1,0,0,5833.33,8125.0,752,2
82160,12.12,9500,0,24.06,1,0,0,2519.17,8673.0,707,10
47059,13.11,12000,0,17.51,1,0,0,9666.67,17226.0,682,5
19661,10.37,7200,0,8.92,1,0,0,4416.67,4137.0,677,2
89012,15.8,5000,0,25.53,0,0,1,6612.0,14283.0,667,10
55690,15.81,10075,1,23.8,1,0,0,6583.33,13259.0,702,1
66424,13.11,9050,0,20.58,1,0,0,5166.67,7571.0,702,7
98930,10.16,17500,0,23.64,1,0,0,3333.33,21483.0,702,8
66360,8.9,10000,0,20.1,0,0,1,2870.42,18802.0,717,3
63941,15.8,8500,0,17.4,0,0,1,2500.0,6491.0,692,1
76957,14.33,8000,0,27.34,0,0,1,3500.0,16395.0,687,7
78827,13.11,6000,0,16.75,1,0,0,4166.67,4500.0,672,0
65280,13.11,4000,0,11.8,0,0,1,5416.67,6616.0,687,1
79531,11.14,11500,0,18.0,0,0,1,2916.67,13851.0,717,5
42255,9.91,12000,0,4.1,0,0,1,12500.0,22889.0,707,9
21867,12.68,5000,0,9.2,0,0,1,3500.0,3555.0,697,1
73473,7.9,6000,0,20.75,0,0,1,3750.0,4318.0,717,10
56778,16.29,18225,1,22.61,0,0,1,3166.67,12233.0,712,4
10642,10.38,15000,0,16.87,1,0,0,6312.0,14339.0,737,2
92357,12.12,27000,1,17.82,1,0,0,7083.33,25137.0,717,8
77964,10.16,4950,0,16.75,0,0,1,1403.33,2738.0,727,2
57704,15.31,9000,0,15.88,0,0,1,5000.0,4532.0,677,10
86747,18.75,21000,1,31.71,1,0,0,9583.33,30589.0,697,10
56401,14.65,10000,0,16.68,1,0,0,8333.33,39461.0,682,4
88301,10.16,5350,0,16.45,1,0,0,11250.0,19184.0,732,8
40727,12.42,10000,0,9.77,0,0,1,3500.0,10912.0,707,2
91853,7.9,24000,0,13.55,1,0,0,7233.33,26039.0,707,0
59890,21.0,25000,0,9.52,0,0,1,8333.33,8575.0,672,10
47168,7.62,7550,0,14.61,1,0,0,2512.0,2814.0,732,5
77588,15.31,9600,0,33.24,0,0,1,3166.67,14774.0,687,2
71247,15.31,1000,0,29.45,1,0,0,2166.67,1748.0,667,6
80041,14.33,24000,0,25.49,1,0,0,11208.33,19428.0,727,10
78104,18.49,21000,1,21.73,0,0,1,16416.67,62549.0,702,1
59886,13.11,1000,0,30.71,0,0,1,1833.33,6283.0,672,3
22323,9.63,16000,1,16.58,0,1,0,5000.0,2300.0,782,10
40094,17.27,24400,1,15.98,0,0,1,6000.0,13879.0,727,3
75168,7.9,14675,0,17.4,1,0,0,3166.67,22549.0,722,10
79248,19.05,12000,0,19.61,1,0,0,4583.33,8970.0,662,10
47048,13.11,12000,0,8.05,1,0,0,3416.67,7708.0,687,4
75518,14.33,14500,0,17.97,0,0,1,3500.0,10846.0,682,6
54131,13.11,28625,1,21.31,1,0,0,4833.33,35863.0,742,5
70334,22.95,21000,1,6.52,1,0,0,20833.33,1240.0,672,10
55717,9.76,7500,1,14.96,1,0,0,7083.33,16449.0,782,10
86309,15.31,16000,0,20.1,0,0,1,5924.5,9365.0,697,10
74257,23.28,20500,1,24.85,0,0,1,4333.33,4699.0,662,5
39713,18.25,10000,0,24.14,0,0,1,6250.0,22828.0,667,1
26493,11.99,10000,0,21.89,1,0,0,3417.0,18069.0,682,4
32982,11.71,11000,0,7.8,0,1,0,3820.27,6844.0,687,2
101403,19.05,25000,1,28.46,0,0,1,5833.33,33127.0,692,1
99661,10.16,15000,0,26.75,1,0,0,7666.67,71879.0,677,5
67222,14.09,5600,0,26.35,0,0,1,3833.33,16163.0,667,5
41977,11.71,20000,0,15.2,0,0,1,4583.33,16575.0,722,5
91765,19.72,25450,1,33.75,0,1,0,4750.0,14435.0,667,10
11648,11.12,7000,0,9.06,0,0,1,6333.33,349.0,717,10
51810,12.12,10400,0,18.92,0,0,1,3333.33,11964.0,692,10
82744,7.9,15000,0,22.39,1,0,0,7500.0,18756.0,727,10
94041,19.72,24625,1,20.96,0,0,1,5166.67,20694.0,677,8
99568,13.11,21850,0,28.08,0,0,1,4166.67,20497.0,692,0
66550,15.31,6000,0,15.68,1,0,0,7500.0,5263.0,672,3
83847,15.31,5775,0,4.08,0,0,1,5000.0,10088.0,672,10
33997,15.27,14475,0,23.69,0,0,1,4166.67,13294.0,682,3
72499,17.27,8000,0,27.88,0,0,1,2833.33,9926.0,672,6
92186,12.12,15000,0,14.22,1,0,0,5416.67,9237.0,702,0
80094,17.77,10000,0,12.41,1,0,0,4166.67,31212.0,682,8
32684,13.49,5600,0,18.33,0,0,1,2870.33,5033.0,692,5
96564,14.09,13000,0,32.64,1,0,0,5000.0,15208.0,677,10
79363,12.12,2100,0,25.77,0,0,1,2555.16,21190.0,682,10
70571,12.12,12000,0,20.48,1,0,0,7666.67,5832.0,687,2
3660,13.16,1000,0,19.63,0,0,1,3500.0,11189.0,672,2
65335,14.09,16000,1,7.78,0,0,1,4166.67,4240.0,737,2
36283,7.9,14000,0,21.69,0,0,1,3162.25,13579.0,732,9
21789,10.74,7350,1,29.82,1,0,0,5000.0,15093.0,747,4
7967,7.14,7000,0,5.44,1,0,0,3807.64,7196.0,762,5
76489,12.12,6000,1,9.31,0,0,1,9583.33,27756.0,717,2
19321,10.0,12000,0,12.32,1,0,0,5000.0,4515.0,717,7
73614,6.03,4225,0,14.52,1,0,0,2583.33,3907.0,752,4
11084,6.76,2500,0,6.99,1,0,0,4750.0,4658.0,757,4
43572,15.96,6000,0,22.1,0,0,1,5583.33,36748.0,667,5
62900,6.03,6000,0,5.65,1,0,0,7083.33,5747.0,752,4
85201,15.31,1800,0,6.79,1,0,0,6416.67,3394.0,672,7
69401,15.8,7200,0,25.32,1,0,0,3333.33,8903.0,677,6
52823,12.12,6000,0,23.89,1,0,0,8000.0,16139.0,682,2
2645,9.32,5000,0,3.89,1,0,0,2083.33,3901.0,777,4
62663,17.77,10500,0,12.33,1,0,0,4583.33,18936.0,667,5
79948,17.77,6625,0,11.68,0,0,1,10268.25,3563.0,662,2
71685,22.47,16000,1,11.27,0,0,1,4791.67,8474.0,667,2
100140,16.29,22000,1,26.33,0,0,1,4166.67,25245.0,677,5
11304,15.21,5000,1,10.38,0,0,1,6833.33,5045.0,682,8
89582,8.9,20000,0,10.79,0,0,1,12083.33,25672.0,682,1
23686,13.06,1500,0,20.82,1,0,0,7083.33,4665.0,672,6
28812,7.49,8000,0,2.86,1,0,0,5666.67,5964.0,732,10
57235,16.29,18225,1,32.19,1,0,0,7166.67,29219.0,707,4
73371,7.62,5000,0,8.43,1,0,0,2916.67,12444.0,742,10
65567,17.77,8000,0,28.56,0,0,1,2083.33,9059.0,672,6
104040,10.75,6000,0,12.05,0,0,1,6000.0,25090.0,722,10
42555,12.69,8700,0,5.02,0,0,1,14166.67,19036.0,677,0
47998,6.62,9000,0,16.14,0,0,1,3333.33,8689.0,742,6
70942,11.14,16100,0,25.36,1,0,0,6250.0,9737.0,717,10
75067,21.0,35000,0,11.05,1,0,0,7702.0,11346.0,672,10
21036,7.66,4600,0,9.14,1,0,0,6500.0,12942.0,702,7
60201,19.05,5500,0,2.33,0,1,0,7500.0,2530.0,662,7
72655,14.09,5000,0,11.18,0,0,1,10625.0,8054.0,672,1
51070,14.65,10000,0,12.04,0,0,1,2791.67,12139.0,712,3
19831,17.14,10000,0,9.59,0,0,1,1658.0,4902.0,682,0
56446,9.76,17000,0,23.6,0,0,1,5416.67,5992.0,742,10
92839,22.47,25000,1,23.62,1,0,0,5000.0,25348.0,667,3
74939,7.9,5000,0,7.28,0,0,1,8666.67,4572.0,712,1
59190,13.11,6000,0,21.34,1,0,0,5416.67,15107.0,687,10
56692,17.27,8000,0,7.32,0,0,1,5833.33,5350.0,672,4
84593,14.09,12000,0,15.33,0,0,1,8666.67,9624.0,697,1
5724,8.94,3000,0,13.42,0,0,1,4500.0,2541.0,722,0
15351,6.17,5000,1,11.52,0,0,1,1667.0,1108.0,772,3
70412,10.16,3200,0,16.17,1,0,0,3750.0,4283.0,707,6
77240,18.49,7625,0,15.79,0,0,1,3166.67,8030.0,672,5
27710,22.11,3000,1,0.0,0,1,0,1471.0,0.0,692,6
25655,11.49,5000,0,6.62,1,0,0,3125.0,7187.0,732,1
27832,12.99,18500,0,7.96,0,0,1,5000.0,13490.0,687,10
80208,14.09,18000,0,15.45,1,0,0,4000.0,13877.0,692,5
27425,10.59,4200,0,11.53,0,0,1,3000.0,10067.0,697,7
34961,11.71,19000,1,13.79,1,0,0,4791.67,16348.0,732,5
38145,16.77,15000,0,7.29,0,0,1,7916.67,5355.0,677,6
77673,19.72,18625,1,22.98,0,0,1,4000.0,26050.0,682,9
94947,15.31,12500,0,17.67,1,0,0,3916.67,8221.0,692,10
49573,15.31,5000,0,4.91,0,0,1,7083.33,8225.0,667,5
61720,12.12,10000,0,23.06,0,0,1,3083.33,13638.0,692,3
42743,16.77,8000,0,20.99,0,0,1,3750.0,4010.0,662,5
40343,13.49,9600,0,15.04,0,0,1,4250.0,7713.0,687,1
96704,18.75,14075,0,12.96,0,0,1,3033.33,13036.0,692,8
10059,7.51,3000,0,11.31,0,0,1,3500.0,0.0,737,3
25767,6.99,1700,0,5.2,0,0,1,2250.0,4527.0,752,5
9244,7.51,8800,0,20.73,1,0,0,4833.0,306.0,792,5
38378,15.96,6000,0,24.85,1,0,0,3264.0,6347.0,662,10
99189,10.16,15000,0,18.57,1,0,0,5000.0,33389.0,702,10
66604,14.33,15000,0,16.38,1,0,0,5500.0,12413.0,702,3
87649,13.11,10000,0,14.12,0,0,1,7500.0,3235.0,682,6
58739,12.12,5950,0,21.54,1,0,0,5000.0,47746.0,692,10
28808,10.99,10000,0,8.23,0,1,0,5833.33,11620.0,702,0
26877,15.23,4000,0,10.73,0,0,1,2916.67,1651.0,672,6
70785,13.11,8875,0,30.46,0,1,0,2166.67,6797.0,702,2
44672,10.74,2400,0,11.2,0,0,1,2000.0,3055.0,707,10
103426,16.07,5500,0,19.35,1,0,0,3937.08,689.0,687,10
4545,12.53,6000,0,23.07,0,0,1,2916.67,3334.0,687,2
82722,19.05,18000,1,6.28,1,0,0,7500.0,20675.0,692,10
49956,16.29,32000,1,15.14,0,0,1,7055.0,16174.0,727,6
69741,13.11,6000,0,4.53,0,0,1,2625.0,4299.0,692,10
65248,8.9,7200,1,25.16,1,0,0,3750.0,7283.0,752,6
75785,11.14,11500,0,10.47,0,0,1,2916.67,9562.0,702,0
27764,5.42,4800,0,10.23,1,0,0,6333.33,10704.0,792,10
43707,10.65,4000,0,23.4,1,0,0,2333.33,3522.0,687,7
35025,10.65,15000,0,14.36,0,0,1,9083.33,26902.0,722,3
28518,17.99,15000,0,21.04,1,0,0,5319.17,5613.0,677,2
42228,12.42,25000,0,1.05,1,0,0,16666.67,2839.0,707,10
81620,18.75,4800,1,27.69,0,0,1,1560.0,6563.0,682,0
37389,6.62,9500,0,19.28,1,0,0,3583.33,5240.0,737,10
10554,13.98,6000,0,7.73,0,0,1,6250.0,3507.0,677,4
94092,6.03,12300,0,7.15,0,0,1,6666.67,10976.0,742,10
54576,9.76,14000,0,22.55,1,0,0,8750.0,25026.0,712,10
47468,12.12,10000,0,5.95,0,1,0,5000.0,10752.0,702,4
73765,16.29,5000,1,11.8,0,0,1,5416.67,8745.0,692,4
90239,14.33,10050,0,6.07,0,0,1,2916.67,7413.0,712,6
45980,7.9,4800,0,19.07,0,0,1,1500.0,6813.0,722,0
55803,10.74,14400,0,5.9,1,0,0,6833.33,10017.0,702,10
98051,15.31,11625,0,16.73,0,0,1,2833.33,17469.0,697,10
62884,10.16,18200,0,7.95,0,0,1,4750.0,16184.0,722,3
4644,11.83,9000,0,0.48,0,0,1,4833.0,0.0,717,4
57169,18.25,35000,1,27.69,0,0,1,8083.33,29300.0,727,10
33050,7.51,1900,0,19.27,1,0,0,6000.0,18397.0,737,10
20367,10.37,2400,0,9.54,1,0,0,3166.67,2174.0,677,1
36837,11.71,4500,0,15.87,1,0,0,3333.33,11963.0,677,6
68829,12.12,12000,0,19.41,1,0,0,8750.0,32028.0,712,4
61873,7.9,11575,0,17.47,1,0,0,2833.33,5654.0,732,10
94081,6.62,20000,0,21.61,1,0,0,8161.33,27904.0,722,8
21900,10.0,2800,0,20.32,0,0,1,3250.0,8717.0,702,5
70285,14.09,6000,0,9.93,0,0,1,4250.0,5815.0,682,3
57923,13.99,22000,1,18.28,1,0,0,6083.33,20181.0,722,8
99914,13.11,10000,0,20.34,0,0,1,5416.67,8066.0,677,10
100662,12.12,9450,0,11.74,1,0,0,4666.67,17639.0,692,10
53424,12.12,18000,1,14.89,1,0,0,8333.33,4038.0,732,5
47764,8.9,8000,0,2.93,0,0,1,5000.0,5540.0,712,2
94950,14.33,12000,0,20.06,0,0,1,4166.67,14163.0,762,2
38976,16.77,10000,0,18.55,0,0,1,2916.67,7565.0,662,4
71538,12.12,10000,0,19.58,0,0,1,6250.0,16348.0,697,5
48972,7.9,3600,0,26.21,1,0,0,4166.67,25.0,737,3
31876,17.49,12000,1,6.94,1,0,0,5445.0,4904.0,672,9
48894,10.74,6950,0,20.71,0,1,0,4583.33,18814.0,687,10
74320,10.16,8525,0,26.14,1,0,0,4583.33,31398.0,707,10
65600,14.33,5000,0,28.51,0,0,1,2750.0,5957.0,692,3
38529,18.25,4800,1,13.81,0,0,1,3750.0,16302.0,697,10
18088,13.35,6000,0,21.36,1,0,0,5000.0,4363.0,667,10
47960,19.22,4000,1,9.03,0,0,1,3700.0,2177.0,682,2
48295,6.03,14000,0,14.67,0,0,1,7500.0,16648.0,747,10
13454,15.95,2500,0,24.07,1,0,0,1500.0,2684.0,667,1
16524,6.17,2000,0,2.63,0,0,1,1600.0,736.0,747,3
14193,11.49,12800,1,6.72,1,0,0,4166.67,11992.0,727,1
51829,7.9,8000,0,21.58,0,0,1,5166.67,0.0,727,1
31000,9.99,3000,0,21.3,0,1,0,2333.33,3168.0,712,1
86532,7.9,7000,0,1.41,0,0,1,12500.0,5093.0,727,7
31448,10.99,11000,0,4.26,1,0,0,6666.67,4124.0,697,4
51408,7.9,6000,0,14.99,0,0,1,4416.67,2928.0,722,2
87572,18.49,19500,0,9.79,0,0,1,10000.0,14957.0,677,2
33225,17.27,16000,1,19.26,0,0,1,7000.0,5231.0,697,10
93742,14.09,10000,0,5.82,0,0,1,8750.0,11394.0,662,3
41993,17.58,35000,0,11.8,1,0,0,13333.33,21393.0,692,10
18447,13.72,8000,0,9.67,0,0,1,7758.33,12110.0,667,2
71782,13.11,14500,0,28.29,1,0,0,5988.67,18020.0,702,10
19675,13.43,4500,0,1.23,0,0,1,11500.0,1847.0,672,1
43307,9.91,10000,0,14.32,1,0,0,3666.67,17161.0,707,1
88490,19.05,35000,1,13.4,1,0,0,9166.67,26633.0,692,1
65443,7.9,6000,0,9.31,0,1,0,1750.0,5056.0,707,6
47597,19.22,12000,0,14.62,0,1,0,4166.67,6309.0,667,6
30397,16.89,12100,0,11.16,1,0,0,6166.67,2081.0,667,4
92868,14.09,25000,0,4.79,1,0,0,6833.33,8811.0,677,8
48006,18.25,27000,0,22.32,1,0,0,8583.33,6658.0,692,8
66892,18.75,12250,0,17.21,0,1,0,2916.67,10523.0,667,7
79618,17.77,10000,0,22.6,0,0,1,2500.0,12938.0,667,4
55180,13.67,9175,0,19.43,1,0,0,7083.33,25639.0,677,8
75159,15.31,14075,0,25.7,0,1,0,4000.0,11907.0,682,5
48624,18.55,13100,0,23.24,0,0,1,7968.75,19607.0,662,10
75022,8.9,14675,0,14.95,1,0,0,4000.0,12764.0,717,7
92795,13.11,18000,0,26.54,1,0,0,4166.67,16680.0,672,10
94514,7.62,12000,0,15.1,0,0,1,5666.67,12094.0,777,10
83906,14.33,19400,0,16.15,1,0,0,4583.33,12434.0,682,7
93318,12.12,18000,0,19.29,0,0,1,3333.33,26573.0,667,10
62203,17.77,12000,0,9.84,1,0,0,7500.0,15866.0,667,7
60969,13.11,8000,0,26.11,1,0,0,4166.67,11500.0,677,0
94593,19.72,23750,1,14.22,0,0,1,8333.33,10549.0,712,2
37813,12.69,5500,0,21.24,0,0,1,1666.67,5056.0,682,0
70028,17.27,16950,1,26.62,1,0,0,3583.33,12588.0,712,10
26033,13.49,1600,0,12.1,0,0,1,3200.0,1214.0,672,6
26950,7.49,6000,0,14.66,1,0,0,5833.33,7961.0,717,9
86660,12.12,7350,0,19.85,0,1,0,3355.05,11626.0,697,10
97487,17.77,12825,0,24.41,1,0,0,3416.67,8539.0,672,10
64166,18.49,10000,1,16.47,0,0,1,4104.67,7597.0,697,5
15014,14.72,17500,0,9.3,0,0,1,9519.75,31279.0,697,10
98373,13.11,10000,0,19.01,1,0,0,7500.0,14426.0,682,9
31943,6.99,11600,0,8.62,0,0,1,5833.33,2671.0,737,0
29365,13.99,12000,1,12.98,0,0,1,4166.67,2316.0,717,3
66296,14.09,6100,0,9.51,0,0,1,6666.67,5665.0,687,2
49473,15.31,14000,0,14.26,1,0,0,5000.0,11249.0,682,10
92016,14.33,10500,0,19.55,1,0,0,5666.67,11301.0,672,10
98272,15.8,15000,0,10.27,0,0,1,3333.33,10108.0,672,4
94925,17.27,8000,0,5.28,1,0,0,5833.33,12484.0,727,10
70905,21.49,20000,0,27.47,1,0,0,7750.0,26976.0,662,2
84633,11.14,12000,0,3.11,1,0,0,10833.33,11941.0,707,2
58263,13.11,17000,0,16.92,0,0,1,5083.33,8890.0,692,7
69300,7.9,6250,0,8.45,0,0,1,1916.67,3295.0,722,1
76916,23.76,27825,1,12.86,0,0,1,6250.0,27093.0,667,4
97076,15.31,30000,0,15.42,0,0,1,8333.33,29060.0,682,8
95637,21.98,3800,0,8.31,0,0,1,4333.33,4843.0,682,7
53567,15.31,2000,0,21.43,0,0,1,2766.67,2162.0,672,0
77867,14.09,6000,0,24.25,0,0,1,4000.0,24934.0,682,10
65121,19.05,21000,1,16.24,0,0,1,8416.67,8764.0,687,5
41900,13.49,2500,0,6.24,0,0,1,5416.67,15373.0,682,6
33269,16.77,2400,0,17.0,0,0,1,2700.0,3418.0,692,3
48581,10.74,13000,0,15.46,0,0,1,2166.67,11101.0,722,3
52893,14.65,4800,0,13.9,0,0,1,5000.0,7391.0,667,2
36929,9.91,17475,0,17.76,0,0,1,3333.33,17261.0,732,2
40879,14.65,14000,0,3.47,1,0,0,8750.0,9035.0,682,10
57586,17.27,2500,0,11.34,1,0,0,5833.33,14122.0,667,8
62177,18.49,8000,0,14.45,0,0,1,4166.67,9425.0,662,4
6020,12.53,5000,0,21.49,0,0,1,3108.33,0.0,707,2
73741,13.11,15000,0,12.78,0,0,1,9000.0,11016.0,692,0
83373,7.9,6000,0,33.64,0,0,1,4116.67,33746.0,707,1
37504,10.65,7800,0,7.15,1,0,0,4000.0,11063.0,722,9
95455,7.9,25000,0,18.66,1,0,0,7083.33,47504.0,712,9
26789,12.99,12000,1,16.67,1,0,0,9166.67,25165.0,712,2
28032,15.99,5000,0,5.26,1,0,0,2416.67,1620.0,667,6
24454,10.59,2500,1,2.15,0,1,0,3958.0,3417.0,747,2
44163,16.29,16000,1,5.76,1,0,0,5083.33,8729.0,712,10
89884,15.31,25000,1,3.98,0,0,1,5666.67,11079.0,747,3
28601,16.89,2000,0,11.91,0,0,1,3400.0,747.0,662,10
99913,10.16,2200,0,24.15,1,0,0,3400.0,1453.0,732,5
64020,13.11,3000,0,32.21,1,0,0,2583.33,6683.0,672,1
72604,17.27,17325,1,30.24,0,0,1,3750.0,31362.0,707,9
29547,8.49,5425,0,21.16,1,0,0,6333.33,25996.0,732,10
49950,22.78,20000,1,1.63,0,0,1,12500.0,5407.0,667,5
34331,11.71,3300,0,4.16,0,0,1,3730.0,3675.0,702,1
94232,17.27,2000,0,20.51,1,0,0,3750.0,1371.0,672,7
98787,13.11,26500,0,13.99,0,0,1,5833.33,64504.0,747,5
52440,18.55,17975,0,18.55,0,0,1,4833.33,17448.0,672,7
46391,13.99,13500,1,12.59,1,0,0,8833.33,18978.0,702,2
32183,15.27,12000,0,3.9,0,0,1,7083.33,6040.0,672,2
52061,21.48,16750,1,21.88,0,0,1,2833.33,7903.0,667,3
5531,12.18,8000,0,1.24,0,0,1,1125.0,707.0,747,2
51087,9.76,10000,0,14.08,1,0,0,5416.67,10560.0,712,3
11132,15.21,10000,0,10.93,0,0,1,7083.0,11890.0,672,3
7752,13.85,5525,0,21.03,1,0,0,6620.0,37573.0,722,10
30788,19.69,17200,1,9.95,0,0,1,3666.67,2117.0,707,2
4841,11.48,4000,0,22.93,1,0,0,3833.33,0.0,717,2
48151,13.11,13000,0,10.58,0,0,1,5000.0,11090.0,737,1
92367,17.27,27575,1,18.28,1,0,0,7833.33,28055.0,682,7
100674,14.33,24000,0,15.86,1,0,0,7500.0,2426.0,672,10
62867,18.49,7000,0,15.92,0,0,1,5000.0,13665.0,662,5
33119,19.03,14000,1,13.52,1,0,0,3616.0,13923.0,672,2
84738,6.03,7750,0,22.01,0,0,1,4766.67,4667.0,782,6
71758,15.31,25000,0,13.0,0,0,1,5416.67,22824.0,687,6
56528,16.29,5000,0,16.06,1,0,0,8750.0,19598.0,662,2
17236,12.98,5000,0,17.29,1,0,0,3250.0,4656.0,667,3
99541,15.31,35000,0,15.0,0,0,1,6666.67,33472.0,682,10
11620,11.12,3800,0,15.45,1,0,0,5416.67,9266.0,702,10
73232,8.9,2800,0,27.76,0,0,1,3250.0,22401.0,702,10
27317,7.49,6250,0,23.97,1,0,0,2900.0,21536.0,732,2
73956,17.27,6000,0,29.13,0,0,1,2752.92,4569.0,662,0
77363,14.09,20000,0,34.91,1,0,0,4583.33,6510.0,712,2
71926,11.14,8000,0,23.93,0,0,1,2666.67,10128.0,702,5
46024,6.62,12000,0,4.81,1,0,0,9833.33,5584.0,792,10
26533,6.99,5000,0,8.51,1,0,0,3750.0,3998.0,747,6
95456,23.28,21850,1,26.95,1,0,0,5833.33,29643.0,677,3
23197,7.29,9600,0,9.66,0,0,1,6048.0,15700.0,742,7
24376,16.89,20000,1,6.83,0,1,0,4000.0,5845.0,702,10
57260,13.67,14825,0,9.55,0,0,1,2500.0,8073.0,697,2
81130,17.27,8000,0,1.98,1,0,0,6000.0,5032.0,672,10
38892,11.71,20000,0,14.95,1,0,0,10416.67,26179.0,722,1
35468,7.9,7000,0,20.96,0,1,0,2300.0,0.0,767,10
53234,13.11,7150,0,12.33,0,0,1,3666.67,10561.0,687,0
77494,14.33,15000,0,33.42,0,0,1,4500.0,13369.0,677,0
66072,6.62,9000,0,13.85,0,0,1,4166.67,7853.0,767,1
6976,16.35,17600,0,17.35,1,0,0,7500.0,14555.0,667,7
22259,12.68,10000,0,13.96,0,0,1,2500.0,10481.0,692,0
84805,15.31,13225,0,27.07,0,0,1,5833.33,18569.0,682,10
69014,11.14,4000,0,33.8,1,0,0,3333.33,12922.0,702,4
71550,19.05,35000,0,21.12,1,0,0,13750.0,99549.0,737,10
56595,6.03,9000,0,12.23,1,0,0,5000.0,5224.0,752,7
48498,12.12,18225,0,20.87,1,0,0,4850.0,37592.0,702,3
48798,6.62,14400,0,6.71,1,0,0,12500.0,1280.0,772,10
94440,23.76,30000,1,14.25,0,0,1,6928.13,28665.0,662,10
46421,12.12,13475,0,19.46,1,0,0,2250.0,11674.0,717,0
90531,19.05,10000,0,17.95,1,0,0,3750.0,7034.0,677,6
51302,6.62,12000,0,9.46,1,0,0,5833.33,12028.0,742,8
28257,16.89,6000,1,18.39,0,0,1,3083.0,1181.0,697,3
49872,8.9,5000,0,15.93,1,0,0,6666.67,12307.0,707,7
26290,8.9,3600,0,3.27,0,0,1,1558.33,1594.0,747,3
32985,14.27,10000,0,10.97,0,0,1,7500.0,7778.0,667,7
80200,13.11,5450,0,25.91,0,0,1,3500.0,7619.0,672,1
74163,17.27,9750,0,21.93,0,0,1,2817.5,6324.0,672,1
35740,7.51,30000,0,1.08,0,1,0,10416.67,740.0,787,5
52405,6.62,8500,0,4.9,1,0,0,4166.67,7114.0,742,10
54513,7.9,14400,0,17.89,0,0,1,13100.0,14550.0,747,4
10293,7.14,8000,0,1.73,0,0,1,3750.0,3381.0,767,0
66880,13.11,12000,0,6.46,0,0,1,13166.67,8426.0,682,5
84273,18.75,21000,1,11.31,1,0,0,10250.0,38820.0,697,10
48166,13.67,10800,1,0.94,0,0,1,7500.0,1577.0,732,0
67265,14.33,2100,0,3.5,0,1,0,1000.0,893.0,692,0
41102,6.03,4000,0,15.13,1,0,0,6583.33,63294.0,772,10
47422,7.62,3500,0,20.93,0,0,1,4333.33,11538.0,727,6
62856,14.33,19000,1,16.06,1,0,0,5000.0,20918.0,717,10
92641,18.49,2500,0,22.49,1,0,0,3916.67,14892.0,672,6
7953,14.59,16000,0,9.47,0,0,1,5416.67,15518.0,692,10
27693,5.42,10000,0,10.41,1,0,0,7500.0,11532.0,782,9
70029,14.09,7100,0,19.22,0,0,1,4166.67,6788.0,687,2
45115,13.99,1700,0,20.67,0,1,0,1200.0,7382.0,677,4
96928,11.14,4000,0,12.2,1,0,0,6666.67,7153.0,672,5
51257,17.99,18225,0,23.35,0,0,1,3083.33,17128.0,677,3
92820,16.29,30000,1,20.28,0,0,1,13666.67,39059.0,737,1
17826,6.54,10000,0,17.05,0,0,1,6916.67,10302.0,732,3
66186,7.9,6000,0,2.51,0,0,1,7500.0,6394.0,722,2
73450,12.12,6000,0,7.4,1,0,0,5000.0,14045.0,677,2
96780,15.8,6000,0,19.56,0,1,0,1666.67,5291.0,677,0
62089,17.77,7000,0,18.15,0,0,1,4750.0,12307.0,667,0
60963,15.31,10000,0,9.55,0,1,0,4166.67,11551.0,672,4
8291,12.73,3250,0,21.44,1,0,0,5000.0,20564.0,677,3
22790,11.11,21000,0,16.53,1,0,0,18750.0,120538.0,702,10
93403,7.62,11000,0,12.35,0,1,0,7666.67,12461.0,737,7
59279,7.9,15000,0,5.59,0,0,1,2916.67,14290.0,772,9
38432,18.64,4000,1,19.15,0,0,1,4000.0,16543.0,677,6
59266,8.9,20000,0,11.01,1,0,0,7083.33,28324.0,732,10
75012,12.12,15000,0,19.16,0,0,1,5000.0,13830.0,707,10
93066,11.14,8000,0,11.59,0,0,1,7000.0,4729.0,687,3
100114,14.33,20675,0,23.12,1,0,0,4333.33,8393.0,712,10
92036,15.31,30000,1,16.99,1,0,0,8500.0,33770.0,697,6
30864,9.99,5000,0,21.33,0,0,1,5316.67,23818.0,697,7
68722,8.9,4750,0,0.56,0,1,0,2833.33,767.0,762,9
57199,12.12,6500,0,24.97,0,1,0,3500.0,6948.0,682,1
3656,12.84,1900,0,23.29,1,0,0,2860.0,24209.0,672,0
45245,7.9,6000,0,6.68,0,0,1,10416.67,20592.0,712,10
45994,7.62,8500,0,13.67,0,0,1,4333.33,15284.0,722,4
60625,12.12,9250,0,29.46,1,0,0,3333.33,5440.0,687,10
33630,13.49,1875,0,18.83,0,0,1,1200.0,5342.0,677,1
2386,13.47,10000,0,5.59,0,0,1,4583.0,2432.0,692,4
30138,15.23,25000,1,17.97,1,0,0,8917.0,22566.0,732,10
28764,13.99,5000,1,11.29,1,0,0,3083.0,1073.0,712,2
9061,14.22,10000,0,12.24,0,0,1,2541.67,13667.0,682,8
3893,11.89,5500,0,17.94,0,0,1,3583.33,5668.0,697,1
52929,10.74,10000,0,18.15,0,0,1,5833.33,16894.0,702,4
10205,13.11,8800,1,2.88,1,0,0,2500.0,607.0,742,2
43936,11.71,16500,0,11.05,1,0,0,7250.0,17247.0,727,10
91571,12.12,24000,0,16.24,0,0,1,4500.0,29098.0,702,10
37386,18.25,1200,0,24.12,0,0,1,1700.0,0.0,662,4
96208,13.11,24175,0,7.66,0,0,1,6250.0,4681.0,712,10
52255,7.9,2800,0,17.16,0,0,1,3583.33,5182.0,722,2
33923,11.71,4000,1,13.17,0,0,1,3500.0,5915.0,707,3
93139,12.12,10000,0,10.88,1,0,0,7500.0,24924.0,667,10
60943,10.16,7125,0,4.95,0,0,1,2946.67,5015.0,712,6
98156,13.11,10000,0,5.3,0,0,1,6250.0,9620.0,697,2
85861,12.12,10000,0,11.52,0,0,1,4166.67,9817.0,712,4
98601,12.12,9450,0,33.62,0,0,1,2750.0,14246.0,702,6
58433,7.62,3500,0,1.83,1,0,0,7500.0,6944.0,767,9
40639,12.69,24000,1,21.59,1,0,0,10000.0,42996.0,727,5
31995,10.99,11750,0,10.3,0,0,1,4583.33,5613.0,702,3
60695,18.75,12000,0,27.32,1,0,0,13333.33,62069.0,667,5
88646,14.09,13000,0,17.99,1,0,0,7916.67,10723.0,697,8
103384,13.48,5000,0,11.21,0,0,1,3800.0,1575.0,712,3
87526,14.33,15000,0,16.15,0,0,1,9166.67,24563.0,702,0
76078,22.95,30000,1,30.56,0,0,1,7500.0,29756.0,687,10
40971,6.03,16000,0,6.07,0,0,1,12916.67,26635.0,792,10
79041,12.12,12000,0,26.96,0,0,1,3833.33,6038.0,692,4
40027,12.69,24000,0,19.53,0,0,1,4583.33,21377.0,712,5
80804,22.47,16800,1,13.55,1,0,0,4000.0,12179.0,662,10
62160,17.27,3000,0,22.87,0,0,1,2750.0,7648.0,662,4
39128,12.69,3500,0,5.36,1,0,0,7083.0,11616.0,667,10
21164,18.25,8800,1,13.89,0,0,1,2916.67,7794.0,687,2
67672,7.9,19725,0,6.46,1,0,0,6916.67,16173.0,757,7
17955,16.32,10000,0,1.69,1,0,0,10000.0,5624.0,697,10
62763,6.62,9600,0,3.82,0,0,1,4333.33,1039.0,762,3
39131,12.42,7000,0,15.11,0,0,1,7083.33,16049.0,687,10
54010,10.74,8400,0,7.82,0,0,1,2083.33,4282.0,722,9
66459,14.33,5600,0,25.29,0,0,1,3333.33,17471.0,677,4
56271,12.12,15000,0,3.41,0,0,1,3166.67,3338.0,722,3
13609,13.23,17500,1,23.03,0,0,1,3500.0,17734.0,737,0
51025,12.12,32400,1,1.28,1,0,0,8750.0,7.0,792,5
93455,11.14,15000,0,15.51,1,0,0,8750.0,15207.0,692,10
86201,13.11,20000,0,14.87,0,0,1,14166.67,34115.0,697,3
72515,16.29,21725,0,29.11,1,0,0,9166.67,68397.0,697,10
23214,10.0,5000,1,9.28,0,0,1,4000.0,3448.0,737,0
86134,8.9,10300,0,33.37,1,0,0,2583.33,12475.0,717,7
70024,20.49,14400,0,18.84,1,0,0,4166.67,10042.0,662,9
31014,16.49,15000,0,14.92,0,0,1,6294.25,20270.0,682,3
89438,19.72,35000,1,22.38,1,0,0,13333.33,46937.0,692,3
80444,15.8,7000,0,11.53,1,0,0,3166.67,6658.0,677,3
34262,15.96,12500,1,13.87,0,0,1,5300.0,11439.0,697,5
79308,12.12,18000,0,10.08,0,0,1,6666.67,17773.0,707,7
3162,11.89,6000,0,9.77,0,0,1,4166.67,15377.0,697,10
42828,8.9,16000,0,14.85,0,0,1,5750.0,14431.0,727,6
51394,6.62,10000,0,3.16,0,0,1,13166.67,5643.0,737,2
69651,24.7,21000,1,25.87,0,0,1,9166.67,17811.0,677,5
76450,15.31,16000,0,19.0,1,0,0,7666.67,43692.0,697,10
37585,14.65,15000,1,17.21,0,0,1,4583.33,13115.0,732,8
73523,14.33,12000,0,13.53,1,0,0,8000.0,12968.0,687,3
45094,17.99,12000,0,19.89,0,0,1,5129.0,8923.0,662,5
18688,10.36,12000,0,11.92,1,0,0,10333.33,8987.0,692,5
27095,5.42,7500,0,22.26,1,0,0,2583.33,2160.0,787,10
74945,15.31,16000,0,19.92,0,0,1,6000.0,10915.0,692,7
48854,21.48,12200,1,9.12,0,0,1,6666.67,17282.0,697,10
82729,10.16,12000,0,11.93,0,0,1,8054.5,14986.0,712,10
11258,14.72,7000,0,11.39,1,0,0,6833.0,5537.0,672,7
32181,11.71,10000,0,2.18,0,0,1,5500.0,5623.0,722,4
62270,13.11,10000,0,19.38,1,0,0,4958.33,24598.0,712,2
74632,12.12,7200,0,18.61,0,1,0,3208.33,9849.0,682,1
30753,12.99,1500,0,20.6,1,0,0,5000.0,38176.0,692,4
79198,12.12,13600,0,20.94,1,0,0,5416.67,17117.0,687,10
48489,24.33,30000,1,11.24,0,0,1,11250.0,41592.0,672,6
98141,17.77,10000,0,26.32,0,0,1,2500.0,17543.0,682,7
37906,11.71,10000,0,5.98,1,0,0,3746.58,9005.0,697,2
33208,7.9,4700,0,10.65,0,0,1,3416.67,2297.0,762,10
32809,9.91,21200,0,25.23,1,0,0,7916.67,7252.0,722,1
22637,14.17,2800,0,0.0,1,0,0,3458.0,0.0,682,10
91807,11.14,24925,1,24.8,1,0,0,6250.0,19245.0,737,4
34367,11.71,15000,0,20.7,0,1,0,5416.67,25464.0,707,4
33046,6.03,9100,0,14.66,1,0,0,3500.0,4315.0,782,10
86783,18.49,25000,1,10.08,0,0,1,7666.67,14631.0,717,3
90684,15.31,30000,0,7.25,1,0,0,9000.0,19430.0,662,9
54430,12.12,3000,0,14.93,0,0,1,6333.33,8682.0,682,4
8716,17.56,12000,0,21.81,1,0,0,5833.33,11074.0,682,2
88420,19.05,27575,1,10.61,1,0,0,13125.0,25980.0,672,6
73164,8.9,5000,0,21.47,0,0,1,3000.0,12841.0,717,3
59593,13.11,9000,0,12.67,0,0,1,3466.67,11103.0,682,7
57551,7.9,16500,0,27.23,0,0,1,4583.33,8176.0,762,1
88001,15.8,12000,0,9.33,1,0,0,10000.0,22312.0,677,10
74388,10.16,10000,0,13.11,0,0,1,4285.5,11724.0,712,0
46215,14.65,3800,0,22.58,0,0,1,3666.67,13883.0,672,0
98493,10.16,18775,0,25.33,1,0,0,5850.0,27573.0,717,3
79371,17.27,7200,0,20.48,0,0,1,2500.0,4539.0,672,0
28732,5.99,8000,0,9.59,1,0,0,7250.0,4938.0,762,10
41109,14.27,10000,0,16.61,1,0,0,4083.33,6418.0,677,6
41813,14.65,4800,1,22.38,0,0,1,3333.0,4147.0,697,3
75793,12.12,7000,0,12.49,0,0,1,5166.67,10513.0,677,6
87367,7.9,9975,0,7.13,1,0,0,5000.0,9773.0,722,5
28642,10.59,10000,0,17.08,1,0,0,8333.33,92399.0,712,10
80359,12.12,30000,1,10.97,1,0,0,5833.33,10787.0,752,10
96479,17.27,16000,1,8.44,0,0,1,4666.67,15200.0,697,10
12150,7.51,6500,0,1.5,1,0,0,3208.33,269.0,807,10
59160,9.76,19000,0,16.43,0,0,1,3833.33,22033.0,727,7
100595,21.49,1500,0,13.59,0,0,1,3583.33,4747.0,687,0
74460,23.63,24000,1,25.07,1,0,0,11666.67,9733.0,662,10
81422,18.75,20000,0,17.36,0,0,1,8333.33,31870.0,677,0
39548,13.49,10000,0,5.88,1,0,0,4166.67,8899.0,697,10
71492,11.14,10000,1,15.82,0,0,1,3250.0,11319.0,797,6
39989,19.91,9000,1,15.74,1,0,0,4333.33,5015.0,672,6
7558,11.36,4200,0,7.49,1,0,0,2750.0,4898.0,687,5
77844,17.77,6625,0,33.43,0,0,1,2916.67,11369.0,667,1
36497,15.96,15000,0,4.32,1,0,0,8833.33,113.0,682,8
33013,14.27,3825,0,24.68,0,0,1,2495.83,4560.0,672,4
15538,9.25,4200,0,15.83,1,0,0,7000.0,7167.0,702,10
101027,8.9,17325,0,18.28,1,0,0,3333.33,11327.0,727,9
79542,18.49,25000,1,27.56,1,0,0,8606.56,15210.0,722,5
87287,6.62,12000,0,12.36,0,0,1,4416.67,4117.0,767,3
33228,6.03,5000,0,15.74,0,0,1,3125.0,4557.0,767,6
27391,9.99,14000,0,16.84,0,0,1,4583.33,25.0,752,2
49367,22.78,30000,0,17.9,0,0,1,8791.67,28012.0,662,6
93501,8.9,10750,0,6.04,0,1,0,2750.0,4693.0,767,5
70177,15.31,10000,0,19.98,1,0,0,6041.67,6458.0,672,1
77324,17.27,16550,0,32.56,1,0,0,4333.33,12163.0,677,10
31805,5.99,3300,0,11.04,1,0,0,2500.0,11144.0,742,2
84318,14.09,8000,0,21.0,0,1,0,3500.0,7498.0,677,1
40866,10.65,14000,0,24.53,0,0,1,3200.0,21214.0,722,5
91596,8.9,18000,1,5.3,1,0,0,8333.33,5211.0,757,6
32747,16.77,3600,0,13.45,0,0,1,8750.0,51176.0,672,1
71470,20.49,4200,1,28.8,0,0,1,3166.67,7728.0,662,1
5062,14.61,4200,0,15.28,0,0,1,6333.33,15578.0,667,1
28205,21.74,11200,1,6.3,0,0,1,5583.33,7952.0,662,10
28976,15.99,15000,0,7.68,0,0,1,4583.0,15821.0,677,2
25084,11.99,12100,0,24.78,0,0,1,8750.0,1642.0,757,1
25665,5.99,4900,0,6.64,1,0,0,2666.67,3455.0,772,4
83794,12.12,19200,0,29.58,0,1,0,3583.33,29797.0,717,8
52698,9.76,8500,0,6.58,1,0,0,5333.33,3432.0,707,10
44426,19.22,21000,1,13.87,1,0,0,6000.0,17008.0,682,10
86039,12.12,10000,0,15.6,0,1,0,3833.33,4734.0,687,10
86982,18.49,12000,0,9.44,0,1,0,5746.0,9561.0,662,4
70193,19.72,20000,1,24.78,1,0,0,5416.67,33166.0,677,10
47862,13.99,24375,0,13.64,1,0,0,11500.0,35461.0,697,10
51954,10.74,9550,0,14.33,1,0,0,4000.0,9128.0,702,3
5468,12.87,3600,0,1.58,1,0,0,6333.0,12135.0,692,0
21651,11.11,10000,0,20.15,0,0,1,6083.33,924.0,702,0
59355,6.62,20000,0,11.12,0,0,1,10333.33,12632.0,792,6
52708,10.74,35000,0,9.3,1,0,0,8300.0,4421.0,742,10
45529,12.12,12000,0,7.24,1,0,0,10416.67,31489.0,712,2
60190,7.9,20000,0,8.38,1,0,0,15000.0,14621.0,752,1
91073,10.16,18000,0,26.08,1,0,0,5925.0,23378.0,712,10
52665,9.76,4000,0,15.89,1,0,0,4166.67,13745.0,707,10
60968,17.77,15000,0,13.34,1,0,0,4333.33,17264.0,672,10
58987,13.67,20950,1,8.9,0,0,1,6666.67,5680.0,747,1
50673,7.9,10625,0,22.35,1,0,0,3333.33,15946.0,727,10
68284,10.16,9000,1,14.77,0,0,1,3500.0,3135.0,757,2
82804,13.11,25800,0,18.99,0,0,1,4833.33,31427.0,717,4
42421,6.62,10000,0,11.45,0,1,0,4166.67,10385.0,762,6
65055,20.49,18650,0,20.07,1,0,0,4833.33,17740.0,662,10
76355,12.12,10000,0,16.93,1,0,0,3816.67,10830.0,712,7
33155,16.77,14000,0,9.67,1,0,0,12083.33,28318.0,672,0
72641,14.09,14000,0,27.5,0,0,1,9166.67,18813.0,697,8
69437,14.33,8000,0,14.74,0,0,1,3108.0,3072.0,692,8
62057,13.11,24375,0,10.86,0,1,0,10416.67,19981.0,707,6
33008,7.9,3500,0,22.04,1,0,0,7247.0,9592.0,712,0
45527,13.67,7900,0,8.4,0,0,1,3000.0,8990.0,677,2
78288,12.12,10000,0,19.62,0,0,1,3640.0,13124.0,697,10
66199,14.33,18800,1,30.96,0,0,1,5000.0,16397.0,722,8
62657,13.11,21000,0,18.44,1,0,0,7916.67,9734.0,697,7
54961,6.62,8500,0,7.24,0,1,0,6300.0,9769.0,752,5
41326,11.71,13200,0,15.74,0,0,1,3791.67,16187.0,707,5
57425,19.99,3000,1,19.63,1,0,0,4416.67,0.0,712,5
85229,22.47,19200,1,10.39,0,0,1,5666.67,17783.0,672,0
36931,18.64,13600,1,12.85,0,0,1,5651.33,24383.0,677,10
12114,7.88,6000,0,9.6,1,0,0,5500.0,790.0,732,3
57120,14.65,22000,1,29.26,1,0,0,3912.0,21633.0,707,10
85883,15.31,12000,0,13.8,1,0,0,3333.33,16181.0,667,10
28326,18.39,5000,0,13.71,0,0,1,8125.0,29602.0,677,10
43999,7.9,10000,0,12.8,0,0,1,6666.67,9261.0,732,1
87114,14.09,10000,0,21.45,0,0,1,3750.0,18621.0,702,10
41413,7.9,13250,0,22.64,0,0,1,2500.0,12957.0,742,0
43623,14.27,5000,0,18.41,0,0,1,5208.33,18055.0,697,9
89511,13.11,14675,0,24.74,0,0,1,3166.67,5727.0,712,0
100288,17.77,6000,0,32.76,0,1,0,1666.67,15055.0,667,0
43260,12.69,20000,1,17.96,1,0,0,4500.0,22946.0,737,10
76173,12.12,7000,0,31.79,1,0,0,3916.67,11648.0,697,10
88026,12.12,1500,0,15.37,0,0,1,3625.0,11346.0,697,5
46337,18.25,20000,1,12.9,0,1,0,6666.67,8039.0,697,6
34144,14.27,21000,1,11.27,1,0,0,5333.33,19431.0,712,8
17016,14.46,9600,1,10.27,0,0,1,5500.0,8359.0,682,3
9639,13.85,8100,0,17.63,0,0,1,4600.0,2963.0,677,3
42760,14.65,15000,0,20.07,1,0,0,3666.67,13843.0,692,5
98619,11.14,11000,0,16.57,1,0,0,5000.0,8734.0,697,3
19598,14.17,9600,0,18.61,0,1,0,5416.67,16278.0,672,8
94218,13.11,25000,0,18.52,0,0,1,5000.0,4345.0,777,2
83646,13.11,14550,0,21.34,1,0,0,4583.33,20141.0,687,10
56385,10.74,10000,0,17.88,0,0,1,2500.0,11120.0,702,3
94994,11.14,24000,1,20.98,0,1,0,8000.0,20247.0,707,2
71057,17.77,7200,0,2.18,1,0,0,3250.0,1301.0,672,4
92024,14.33,5000,0,11.12,0,0,1,2916.67,4114.0,677,10
26323,7.91,5600,0,20.21,0,0,1,3166.67,32987.0,732,6
48554,7.9,20000,0,1.3,0,0,1,10400.0,6969.0,752,1
76933,8.9,6000,0,17.16,1,0,0,12500.0,60368.0,717,0
29775,17.49,3200,1,7.9,0,0,1,2609.0,5382.0,672,3
100072,14.09,24375,0,26.36,1,0,0,4583.33,27379.0,712,4
78792,12.12,25225,0,30.77,1,0,0,6500.0,11736.0,717,10
74037,17.77,30225,0,28.15,1,0,0,8333.33,28631.0,712,10
5465,7.4,7000,0,8.89,1,0,0,3352.0,14014.0,772,0
59271,9.76,7575,0,10.99,0,0,1,2375.0,5640.0,727,3
54197,13.11,15000,0,16.55,0,0,1,4166.67,9066.0,697,2
45525,15.81,24000,1,0.62,0,1,0,10000.0,0.0,727,10
42562,15.96,6000,0,6.38,1,0,0,6916.67,6309.0,662,6
70606,15.31,3500,0,7.14,0,0,1,5000.0,14064.0,687,1
56056,6.03,12000,0,22.57,1,0,0,7500.0,5116.0,762,10
53245,7.9,20000,0,13.59,0,0,1,7258.33,14268.0,732,9
71531,12.12,3900,0,7.55,1,0,0,2583.33,3724.0,687,1
45828,19.22,16000,1,21.28,0,0,1,3416.67,26060.0,682,10
28189,15.99,15000,0,11.34,1,0,0,8583.33,3844.0,677,7
55542,20.5,28200,1,15.6,1,0,0,4833.33,27158.0,697,9
24445,10.59,15000,0,14.66,0,0,1,5150.0,5116.0,732,2
25133,5.99,4500,0,21.46,0,0,1,3644.83,1058.0,767,0
72072,14.09,3000,0,12.36,0,0,1,4789.33,1353.0,682,10
43844,14.27,9000,0,18.74,0,0,1,5833.33,11637.0,677,8
60894,8.9,4000,0,24.11,0,0,1,4583.33,11351.0,707,1
59206,17.27,10000,0,21.84,1,0,0,2916.67,21245.0,667,10
24426,15.99,6400,1,24.43,0,0,1,3500.0,973.0,692,4
56404,13.11,12000,0,17.04,1,0,0,4583.33,41871.0,697,3
75634,15.31,10000,0,10.4,0,0,1,9000.0,5141.0,667,10
93296,10.16,12000,0,8.05,1,0,0,6250.0,11626.0,722,0
69885,12.12,6000,0,4.94,1,0,0,4333.33,9656.0,692,5
31787,13.49,2200,0,3.27,0,1,0,6666.67,10142.0,702,5
38073,14.27,5000,0,17.0,0,1,0,5000.0,14748.0,672,1
25600,19.69,12000,1,16.23,0,0,1,3376.0,8437.0,667,4
36576,7.9,3000,0,22.03,1,0,0,5583.33,12968.0,707,3
81991,21.49,30000,1,16.89,1,0,0,13999.17,61579.0,702,10
73434,12.12,10800,0,26.7,0,0,1,5833.33,27585.0,697,5
50956,18.25,10500,0,11.52,1,0,0,8750.0,9984.0,662,8
45189,6.62,10000,0,5.49,1,0,0,10833.33,40827.0,757,7
77251,14.09,16000,0,2.85,1,0,0,3333.33,3909.0,692,7
49782,13.99,15000,0,12.6,1,0,0,3500.0,13036.0,707,10
101411,21.98,9500,0,16.01,0,0,1,4500.0,3673.0,662,3
81782,19.05,35000,0,15.75,1,0,0,18750.0,73813.0,692,4
38833,11.71,15000,0,11.7,0,0,1,6250.0,6622.0,702,6
69249,15.31,5000,0,17.37,0,0,1,1750.0,10361.0,677,0
61835,15.8,11625,0,31.12,0,0,1,2860.0,8374.0,682,7
64769,7.62,25000,0,13.45,0,0,1,6750.0,17193.0,752,5
35250,12.69,8000,0,7.67,0,1,0,7916.67,1442.0,687,6
37863,12.42,10200,0,17.86,1,0,0,5833.33,9817.0,707,4
34551,6.62,10500,0,16.26,1,0,0,4853.33,2816.0,762,3
38905,7.9,5000,0,7.75,1,0,0,5500.0,16396.0,727,0
53762,7.9,17500,0,7.97,0,0,1,5416.67,17.0,812,0
32323,19.03,4000,0,10.56,0,0,1,1600.0,299.0,687,6
49042,12.12,22000,0,16.93,0,0,1,3916.67,22142.0,717,1
100424,16.29,8000,0,29.19,1,0,0,6916.67,21498.0,687,4
75831,18.49,19125,1,29.1,0,0,1,4166.67,28108.0,702,6
67863,12.12,16000,0,18.23,0,0,1,4166.67,16309.0,702,1
103546,14.59,4500,0,17.35,0,1,0,6000.0,5197.0,662,2
50874,22.45,5800,1,11.86,0,0,1,1416.67,6077.0,667,6
80841,18.75,16750,0,8.84,1,0,0,5666.67,13567.0,682,4
65855,12.12,3600,0,27.16,0,1,0,3333.33,12153.0,697,10
26919,15.62,10000,0,12.19,0,0,1,7500.0,17133.0,672,10
31098,5.42,6000,0,1.51,0,1,0,4250.0,1838.0,802,10
68962,7.62,10000,0,13.26,1,0,0,7416.67,16297.0,737,10
61493,17.77,10000,0,5.8,0,0,1,7166.67,15279.0,687,10
28574,7.49,5000,0,16.45,1,0,0,18750.0,129071.0,747,10
33068,7.9,7000,0,20.72,0,0,1,6000.0,6659.0,717,0
31200,15.62,28000,0,5.7,1,0,0,6250.0,11923.0,697,3
49920,14.65,15775,0,3.37,0,0,1,4000.0,4058.0,712,10
33148,9.91,3000,0,4.75,0,1,0,4166.67,7321.0,712,6
79022,18.49,15350,0,15.09,1,0,0,4400.0,12823.0,672,10
45222,9.76,26500,1,17.19,1,0,0,5416.67,9966.0,787,10
22768,6.0,6400,1,3.09,1,0,0,6250.0,241.0,697,3
96412,14.33,13200,0,28.75,0,0,1,3833.33,8568.0,697,10
29340,11.49,12000,0,17.73,1,0,0,7300.0,38342.0,707,4
73863,6.03,4000,0,33.67,1,0,0,7917.0,55123.0,802,10
32269,6.62,2500,0,10.96,1,0,0,6166.67,24495.0,732,10
53042,6.03,6600,0,16.69,1,0,0,6250.0,17258.0,752,10
92363,17.27,27050,1,27.59,1,0,0,5025.0,40037.0,707,10
27374,15.99,4800,0,0.0,0,0,1,4583.33,0.0,677,6
67953,10.16,7550,0,3.83,1,0,0,8333.33,10204.0,712,2
5880,7.74,10000,0,0.17,1,0,0,7083.33,2994.0,777,10
92244,19.05,27575,0,19.3,0,0,1,5166.67,14935.0,662,10
61500,13.11,20000,0,3.94,1,0,0,7238.92,11751.0,722,10
53002,8.9,18000,0,12.79,1,0,0,10500.0,4856.0,732,0
23575,6.92,7200,0,11.72,1,0,0,7083.33,15933.0,782,3
99508,15.8,15350,0,7.41,1,0,0,5666.67,8128.0,672,1
72670,12.12,6000,0,21.21,0,0,1,3333.33,4638.0,687,2
20093,12.68,5000,1,12.59,0,0,1,4416.67,7686.0,692,0
9020,6.76,2575,0,4.8,0,0,1,6875.0,4678.0,762,3
52639,13.67,1800,0,24.21,0,0,1,4250.0,5757.0,672,5
76348,14.09,10000,0,26.44,1,0,0,5416.67,18652.0,702,6
57727,10.74,7750,0,6.51,1,0,0,2916.67,6889.0,707,6
91915,16.29,12000,0,28.76,0,0,1,5666.67,16822.0,662,3
97696,6.03,10000,0,16.0,1,0,0,8333.33,14832.0,782,10
51525,13.67,4950,0,14.11,1,0,0,4166.67,8379.0,667,5
71634,12.12,3500,0,17.82,1,0,0,5416.67,4067.0,697,0
51795,16.29,12000,0,18.37,1,0,0,7083.33,16993.0,667,7
73201,22.47,18000,1,17.17,1,0,0,5562.92,14866.0,662,7
90826,14.09,13000,0,16.09,0,0,1,3250.0,6930.0,677,2
64262,13.11,15000,0,33.12,0,0,1,4166.67,13198.0,697,9
73233,14.09,6900,0,17.78,0,1,0,4166.67,9720.0,687,10
88842,20.49,35000,1,12.54,1,0,0,10416.67,26487.0,687,2
94795,11.14,9600,0,20.58,1,0,0,3833.33,44403.0,707,5
65113,8.9,6500,0,31.45,1,0,0,6000.0,61865.0,742,0
5189,11.14,1750,0,8.02,0,0,1,1833.33,1838.0,722,2
20592,5.42,5000,0,23.15,0,0,1,2833.33,4573.0,752,3
71038,15.8,6000,0,16.4,0,0,1,2500.0,5892.0,672,4
72764,14.09,25000,0,19.13,0,0,1,6083.33,14666.0,702,10
77043,14.33,13000,0,11.08,1,0,0,3358.33,6327.0,692,10
51326,7.9,5875,0,14.75,0,0,1,5416.67,2617.0,722,4
57788,16.29,5000,0,20.77,0,0,1,4583.33,11991.0,662,6
17877,9.62,12000,1,14.12,1,0,0,6666.67,6969.0,732,4
88396,12.12,35000,0,19.9,1,0,0,13933.33,24288.0,722,1
19859,11.11,6500,0,13.98,1,0,0,2253.0,7558.0,682,2
19297,13.06,25000,0,4.14,1,0,0,11500.0,6578.0,737,0
82626,7.62,1000,0,5.59,1,0,0,9333.33,350.0,787,2
8078,13.48,16000,0,15.17,1,0,0,4166.67,1962.0,702,2
78732,8.9,13600,0,10.94,0,0,1,10000.0,18028.0,722,10
71751,15.31,12000,0,32.91,0,0,1,5500.0,13559.0,682,3
20020,10.37,15000,0,26.72,1,0,0,5250.0,44850.0,752,10
89844,18.49,7125,0,11.18,1,0,0,5636.75,5383.0,677,8
92975,13.11,11575,1,18.37,1,0,0,3750.0,18790.0,727,10
5274,7.4,5000,0,14.22,0,0,1,6000.0,1751.0,782,6
48009,7.62,5000,0,3.04,0,1,0,2500.0,4864.0,737,3
35719,7.9,7000,0,12.61,1,0,0,6250.0,19848.0,722,10
22561,6.92,7000,0,17.15,0,0,1,4583.33,6897.0,737,5
47745,7.9,6000,0,20.13,1,0,0,7750.0,7533.0,727,8
21458,7.66,14000,0,10.68,1,0,0,21666.67,13850.0,737,1
62166,19.05,30000,0,14.77,1,0,0,9166.67,22299.0,687,0
19255,7.29,12000,0,16.15,1,0,0,11667.0,113671.0,722,4
51684,12.12,10000,0,12.99,1,0,0,5833.33,13885.0,692,6
89627,12.12,24000,0,29.01,1,0,0,7500.0,14804.0,672,0
32044,7.49,6000,0,8.81,0,1,0,2462.75,8644.0,717,2
65250,8.9,2000,0,23.7,0,1,0,3000.0,2117.0,732,10
20690,7.29,4200,0,6.58,0,0,1,5133.33,5475.0,767,4
32875,7.51,6000,0,4.74,1,0,0,10916.0,6317.0,767,6
29116,10.99,8400,0,24.85,1,0,0,7583.0,342.0,702,0
14340,7.88,5000,0,16.61,1,0,0,5833.33,19771.0,727,10
82457,10.16,4750,0,32.49,1,0,0,3500.0,36512.0,697,10
98544,16.29,12000,0,5.07,1,0,0,2916.67,10360.0,672,5
37814,13.49,9425,0,15.71,0,0,1,3750.0,15116.0,672,8
43682,12.42,28000,0,2.98,1,0,0,27083.33,12888.0,732,5
27552,18.39,9600,0,14.69,1,0,0,5166.67,13041.0,662,10
39094,10.65,12000,0,26.06,0,0,1,5833.33,24893.0,722,10
83231,15.31,9600,0,12.82,1,0,0,6000.0,11407.0,677,10
9533,10.62,6000,0,23.38,1,0,0,5000.0,46125.0,707,2
19581,11.11,7500,1,23.63,0,0,1,1820.0,4409.0,722,2
35460,11.71,10000,0,5.85,0,0,1,4333.33,7072.0,687,10
71487,24.7,35000,1,8.26,1,0,0,10000.0,21391.0,662,10
77135,16.29,1600,0,7.8,0,0,1,2666.67,5504.0,662,6
97075,12.12,16000,0,24.3,0,0,1,6250.0,10304.0,717,0
72277,12.12,13475,0,28.27,1,0,0,5666.67,7722.0,707,7
31190,5.42,14500,0,7.15,1,0,0,10000.0,40.0,802,10
103224,14.61,5000,0,6.36,0,0,1,3083.33,4680.0,667,5
75321,8.9,2200,0,14.02,0,0,1,7083.33,14980.0,717,10
49761,9.76,9000,0,18.67,1,0,0,5833.33,12035.0,707,10
80353,14.33,9450,0,24.51,0,0,1,2916.67,11555.0,672,4
25236,20.25,15175,1,18.78,0,0,1,4333.33,18049.0,667,8
30497,7.49,10000,0,7.77,0,0,1,3166.67,0.0,737,1
96700,16.29,16000,0,20.62,0,0,1,5416.67,14246.0,682,0
85272,15.31,13200,0,8.61,1,0,0,3333.33,5400.0,682,10
60220,18.75,20000,1,6.3,0,0,1,15416.67,15026.0,697,0
78437,17.77,8500,0,18.0,0,0,1,2583.33,13718.0,667,2
40066,14.27,3000,0,10.77,0,1,0,3833.0,5515.0,672,0
91905,15.31,10000,0,18.99,1,0,0,5583.33,12723.0,677,2
99247,16.29,14075,0,11.02,1,0,0,10416.67,7653.0,702,10
62996,19.72,19000,1,19.85,0,0,1,4500.0,11388.0,682,3
84001,13.11,9000,0,23.88,1,0,0,4229.17,7496.0,687,1
80275,13.11,6775,0,10.2,0,0,1,6666.67,5457.0,687,0
24608,15.23,2200,0,16.2,0,0,1,2500.0,2476.0,677,2
94245,14.33,16800,1,21.75,1,0,0,6666.67,23740.0,677,1
25703,15.62,3500,0,14.41,1,0,0,6833.33,11526.0,662,8
24038,18.79,9250,1,19.27,1,0,0,4448.0,22704.0,662,10
31842,7.49,23400,0,15.66,0,0,1,5580.0,2086.0,742,1
81514,7.9,10375,0,27.64,1,0,0,4500.0,0.0,747,5
49263,21.48,18000,1,15.82,0,0,1,6500.0,4256.0,667,10
68113,8.9,5375,0,29.48,0,0,1,3416.67,3007.0,722,0
99898,15.8,3700,0,32.2,0,0,1,3000.0,14151.0,692,1
65485,18.49,19125,0,9.1,0,0,1,4166.67,19761.0,677,10
67349,15.31,1625,0,4.32,0,1,0,1666.67,1759.0,747,3
36450,18.25,6650,1,17.12,1,0,0,3084.0,5646.0,682,3
31456,11.49,1000,0,21.36,0,0,1,4666.67,26558.0,672,10
51625,12.12,10000,0,12.46,1,0,0,4375.0,11070.0,697,5
91179,18.49,32350,0,20.14,0,1,0,6000.0,39513.0,662,3
16680,12.98,16000,0,15.86,1,0,0,3600.0,26357.0,702,3
73961,14.09,13750,0,24.77,0,0,1,3000.0,16734.0,692,1
53903,7.9,12000,0,21.99,1,0,0,5416.67,28146.0,732,10
31290,13.49,12000,0,16.29,1,0,0,6250.0,13528.0,682,7
26608,13.99,3600,0,10.0,0,0,1,5750.0,10766.0,672,4
16631,9.25,8400,1,22.47,1,0,0,4833.33,19187.0,762,3
83058,15.8,8575,0,34.41,1,0,0,4541.67,5180.0,677,10
87620,12.12,13800,0,17.11,0,0,1,4250.0,11366.0,697,0
31254,11.49,17000,0,13.69,0,0,1,5083.33,13883.0,697,4
58027,13.67,11000,0,13.44,1,0,0,4666.67,10482.0,677,6
12131,14.35,7800,0,21.89,0,0,1,2508.33,25780.0,682,0
30255,10.59,3725,0,18.57,0,0,1,11666.67,43987.0,697,10
57001,17.27,11000,0,11.44,1,0,0,5000.0,10070.0,667,10
61049,15.31,8500,0,7.56,0,0,1,3333.33,8844.0,672,0
58569,9.76,10000,0,6.83,0,0,1,4583.33,13511.0,707,7
37224,11.71,12000,1,23.3,1,0,0,4000.0,15010.0,727,10
84476,15.31,19000,1,27.65,0,0,1,3617.21,25692.0,707,3
94507,10.16,12000,0,14.22,1,0,0,8791.67,17185.0,697,8
69461,10.16,19125,0,25.58,0,0,1,4000.0,0.0,727,5
72283,7.9,8975,0,21.51,1,0,0,9166.67,61613.0,727,10
47228,19.22,20800,1,15.5,0,0,1,6916.67,28764.0,682,10
41426,14.27,8400,0,11.95,1,0,0,4166.67,16634.0,682,10
79725,18.49,20000,0,12.83,1,0,0,13583.33,30679.0,677,0
65819,12.12,9600,0,25.35,0,0,1,4750.0,29475.0,687,5
60947,6.03,6000,0,12.68,1,0,0,6666.67,8581.0,777,10
66542,15.31,14000,0,11.35,0,0,1,7333.33,6229.0,682,0
53373,9.76,13000,0,24.5,0,0,1,4166.67,15534.0,707,6
65052,12.12,20000,0,16.35,1,0,0,4166.67,15917.0,702,1
63133,15.31,7000,0,15.64,0,0,1,2666.67,11529.0,672,5
85485,17.27,12000,0,15.07,1,0,0,4166.67,12318.0,667,0
49712,7.62,4200,0,6.75,0,1,0,10416.67,10819.0,737,2
17961,6.54,1775,0,19.77,0,0,1,3333.33,2038.0,727,0
64307,12.12,10000,0,18.81,1,0,0,3250.0,19354.0,697,10
47673,7.9,20000,0,20.95,0,0,1,4333.33,13169.0,752,10
95606,15.8,6000,0,21.0,0,0,1,2176.67,4356.0,687,2
40351,13.49,7050,0,14.05,1,0,0,5624.0,2530.0,682,4
70321,12.12,11325,0,8.61,0,0,1,2833.33,9137.0,727,10
62797,16.29,2000,0,30.58,1,0,0,4166.67,3313.0,672,2
95560,14.33,10000,0,23.56,0,0,1,2750.0,14317.0,702,2
101158,16.29,15000,0,10.67,0,0,1,5000.0,13611.0,667,4
15949,12.23,4000,1,2.63,1,0,0,9417.0,13865.0,707,5
38028,7.51,6400,0,9.58,0,0,1,6400.0,12306.0,737,0
56804,17.99,8000,0,3.96,0,0,1,7750.0,8080.0,662,5
84840,15.31,6000,0,6.26,0,0,1,11833.33,21567.0,662,5
35260,8.9,2500,0,22.49,0,0,1,2583.33,5883.0,717,2
85721,13.11,10000,0,18.72,0,0,1,4625.0,7411.0,687,2
46870,9.76,14600,0,29.51,0,1,0,2500.0,23616.0,732,2
100985,7.9,2200,0,8.16,1,0,0,5500.0,2927.0,772,3
84917,13.11,10000,0,18.96,0,0,1,8744.26,27086.0,682,0
57190,9.76,5000,0,28.28,1,0,0,4583.33,38092.0,697,10
38205,7.51,12300,0,22.29,0,0,1,3750.0,27282.0,737,7
5794,13.22,2500,0,15.6,1,0,0,3166.67,3777.0,692,0
46021,10.74,1000,0,9.0,0,0,1,1100.0,1314.0,717,2
93511,15.8,5000,0,17.61,0,0,1,4583.33,4164.0,702,7
22510,10.37,2500,0,24.3,0,0,1,2000.0,1523.0,707,2
80484,10.16,6000,0,6.56,1,0,0,2333.33,440.0,712,8
23743,13.06,4200,0,13.82,1,0,0,6500.0,23653.0,682,10
59901,14.09,12500,0,21.5,0,1,0,2083.33,11967.0,687,6
92989,17.77,30000,0,9.41,0,0,1,10192.0,24188.0,712,0
98277,16.29,20700,1,32.95,0,0,1,6250.0,22277.0,722,7
54017,13.11,7000,0,22.36,1,0,0,5833.33,28985.0,687,5
45793,7.9,8000,0,8.91,0,0,1,3166.67,680.0,757,6
53635,20.99,18000,1,11.63,0,0,1,9051.83,32394.0,672,4
34440,6.62,12000,0,4.73,1,0,0,7083.33,6578.0,747,10
43487,12.69,5500,0,19.33,0,0,1,1800.0,12567.0,672,4
37383,16.29,5400,0,20.03,0,0,1,2666.67,11114.0,662,1
74054,12.12,18000,1,19.16,1,0,0,7583.33,26622.0,732,3
49539,10.74,3000,0,15.55,0,0,1,2000.0,1750.0,707,2
61152,7.62,21000,0,6.84,1,0,0,5333.33,19178.0,777,7
61151,17.77,8000,0,34.56,0,0,1,3291.67,18518.0,727,2
103989,7.88,1750,0,23.35,1,0,0,2000.0,13826.0,737,10
47060,14.65,9500,0,8.82,0,0,1,5416.67,7831.0,687,1
71136,14.09,14500,0,27.78,1,0,0,6250.0,46129.0,707,10
30210,6.99,3800,0,3.18,0,0,1,3583.33,3766.0,742,4
101065,17.27,20675,1,13.3,0,0,1,3916.67,2449.0,712,1
101340,19.05,27050,1,12.89,1,0,0,5083.33,15793.0,692,6
39602,15.27,5300,0,24.88,0,0,1,2500.0,7855.0,662,1
85090,7.9,5000,0,12.85,0,1,0,6666.67,9597.0,732,3
90356,8.9,15500,0,16.36,0,0,1,9000.0,4097.0,702,10
26354,7.91,11200,0,13.07,1,0,0,8500.0,5439.0,722,3
100217,23.76,16000,1,27.06,0,0,1,5416.67,24610.0,667,1
83773,15.8,21850,0,26.29,0,0,1,10000.0,43173.0,692,4
23644,5.79,2700,0,19.81,1,0,0,3958.33,13159.0,752,8
33138,19.42,30100,1,3.31,1,0,0,8333.33,3737.0,707,6
60512,14.33,20000,1,15.68,0,0,1,7083.33,17270.0,722,5
48836,6.62,6000,0,16.03,0,0,1,4166.67,79.0,807,1
45033,14.65,2000,0,16.66,0,1,0,2083.33,2566.0,687,5
33736,15.27,15000,0,7.85,0,0,1,15416.67,8962.0,682,6
24516,11.99,5000,1,14.85,0,0,1,4167.0,3489.0,727,2
53112,13.67,7500,0,15.97,0,0,1,4833.33,3908.0,702,5
57593,17.99,16000,0,5.64,0,0,1,7415.83,21686.0,667,10
37095,7.9,20000,0,21.42,1,0,0,5000.0,6264.0,757,7
89600,15.8,24000,1,16.73,1,0,0,7500.0,24126.0,667,7
39481,6.03,3000,0,5.5,0,0,1,4166.67,9616.0,752,5
27671,10.99,13000,1,21.7,1,0,0,6517.0,4663.0,742,3
55501,6.03,8000,0,4.51,1,0,0,3500.0,6737.0,817,10
56361,12.12,10000,0,31.46,1,0,0,5000.0,18921.0,697,6
29016,11.99,2500,0,9.98,0,0,1,6250.0,11131.0,682,10
43612,7.9,17000,0,27.41,0,0,1,3083.33,16756.0,737,10
38534,6.62,10000,0,24.24,0,0,1,3750.0,1623.0,767,2
46458,18.55,14100,0,22.7,0,1,0,3000.0,12114.0,667,10
99787,20.49,26500,1,30.36,1,0,0,5000.0,10350.0,692,5
87571,12.12,12000,0,9.7,1,0,0,11166.67,19643.0,712,3
67421,7.62,7200,0,7.97,0,0,1,8333.33,25430.0,732,6
75473,17.27,19750,1,13.39,1,0,0,6737.5,19070.0,712,4
46017,15.81,3500,0,13.14,1,0,0,18333.33,11107.0,667,7
26369,7.49,2650,0,21.11,0,1,0,1482.92,1808.0,727,4
52860,13.11,15000,0,19.36,0,1,0,5000.0,16618.0,697,10
101246,14.33,4800,0,18.91,1,0,0,5833.33,29287.0,697,5
53054,17.99,12000,0,17.37,1,0,0,3666.67,7393.0,672,7
66184,6.62,6000,0,3.88,1,0,0,5000.0,4242.0,762,1
34351,7.9,12000,1,1.88,1,0,0,6666.67,3364.0,792,6
68999,12.12,1550,0,11.21,0,0,1,5083.33,5755.0,682,6
91334,15.31,35000,0,19.59,1,0,0,7500.0,29953.0,697,1
7183,7.14,3000,0,12.85,0,0,1,4916.67,3210.0,732,5
90912,18.49,14400,0,33.23,0,0,1,5166.67,11089.0,667,4
7565,9.88,12000,0,5.16,1,0,0,3333.33,1117.0,757,3
89378,13.11,7750,0,27.28,1,0,0,4208.33,11840.0,662,2
35796,19.91,12000,1,11.73,0,0,1,3000.0,10828.0,662,4
48980,7.9,5000,0,27.06,1,0,0,3333.33,11746.0,722,8
79282,16.29,6000,0,20.96,1,0,0,4183.33,7335.0,667,4
52129,7.62,23000,0,6.51,1,0,0,25000.0,227.0,812,10
75471,13.11,10000,0,9.14,1,0,0,5416.67,8119.0,702,7
77074,12.12,20500,0,30.95,1,0,0,4333.33,33294.0,707,10
33557,7.9,7500,0,11.79,0,1,0,2916.67,349.0,822,1
20782,16.4,16800,0,7.02,1,0,0,6666.67,16211.0,677,0
25849,16.49,12000,1,18.63,0,0,1,4000.0,11376.0,687,10
51979,18.25,17900,1,7.36,0,0,1,5000.0,10217.0,707,10
66528,14.33,9600,0,20.69,1,0,0,2750.0,11518.0,672,10
20309,12.68,8000,1,18.78,1,0,0,11583.33,86700.0,702,10
22312,13.43,9000,0,19.45,0,1,0,6750.0,26588.0,692,4
32340,14.65,10000,0,19.25,1,0,0,8083.33,9246.0,677,10
51429,16.29,8000,0,9.75,0,0,1,5250.0,6035.0,667,5
11819,16.32,12000,1,9.74,0,0,1,5000.0,6852.0,682,3
77733,11.14,10000,0,8.8,0,1,0,4000.0,10750.0,707,5
80219,6.62,7300,0,20.11,1,0,0,3416.67,23030.0,732,4
41948,7.9,8450,0,10.93,0,0,1,3000.0,7603.0,732,3
65978,21.98,20000,1,17.08,1,0,0,5000.0,19780.0,677,2
69027,21.98,16000,1,10.99,1,0,0,3466.67,13797.0,667,7
78680,15.31,8000,0,18.62,0,1,0,3083.33,1669.0,682,4
35870,11.71,4200,0,15.97,0,0,1,6041.67,5913.0,682,8
32893,14.27,1400,0,3.05,0,0,1,2750.0,1276.0,682,1
59277,14.65,2500,0,23.58,0,1,0,5130.42,5942.0,672,4
48342,15.31,12000,0,18.24,1,0,0,3333.33,6209.0,677,7
33055,11.71,2200,0,1.02,1,0,0,7167.92,2639.0,727,3
84644,14.09,12000,0,10.21,1,0,0,20833.33,23800.0,697,4
93374,6.03,16500,0,22.65,1,0,0,5416.67,14835.0,817,10
27369,11.49,1500,0,15.9,1,0,0,5555.08,21774.0,687,10
89755,12.12,4000,0,25.95,1,0,0,3333.33,24937.0,707,1
88332,7.62,28000,0,19.21,1,0,0,14166.67,49026.0,732,10
49292,13.11,15000,0,18.73,0,0,1,4000.0,15055.0,697,2
65245,15.31,5000,0,10.28,0,0,1,1916.67,5982.0,662,5
48606,13.67,21000,0,11.42,1,0,0,10700.0,16830.0,712,2
21688,17.14,5000,1,4.17,1,0,0,3000.0,760.0,682,10
77606,10.16,14400,0,28.54,1,0,0,5083.33,4292.0,707,9
65358,13.11,13600,0,20.37,0,0,1,3666.67,20411.0,682,4
49772,12.12,4800,0,16.94,0,0,1,4800.0,2770.0,682,0
75838,13.11,10000,0,26.87,0,0,1,3166.67,7271.0,682,7
58595,8.9,20000,0,3.18,1,0,0,17500.0,28579.0,737,8
54201,15.31,7000,0,14.74,0,0,1,12208.33,25181.0,687,10
50633,7.62,24000,0,14.22,1,0,0,6833.33,11058.0,762,10
59083,14.65,12000,0,11.39,0,0,1,8333.33,19696.0,687,6
85509,10.16,7000,0,24.01,1,0,0,10250.0,43306.0,707,2
34695,7.9,12700,1,19.47,1,0,0,5833.33,14787.0,777,10
7254,7.88,1000,0,17.15,0,0,1,6000.0,23572.0,717,3
49690,15.81,1000,0,24.4,0,1,0,3000.0,3430.0,667,3
72091,14.09,17825,0,18.85,1,0,0,6250.0,27554.0,692,10
83505,14.09,10750,0,26.14,0,0,1,2666.67,9800.0,722,8
80906,22.47,20000,1,23.94,1,0,0,7000.0,19537.0,672,10
88495,14.33,10050,0,24.59,1,0,0,2500.0,10421.0,687,7
42455,8.9,30000,0,26.65,0,0,1,6666.67,10472.0,742,0
79400,14.09,10000,0,17.79,0,0,1,3333.33,10525.0,677,10
65957,7.9,7275,0,25.41,0,0,1,7000.0,8532.0,722,4
88526,17.27,4200,0,14.78,0,0,1,2083.33,3690.0,662,0
30929,19.69,13500,1,15.08,0,0,1,2666.67,13341.0,667,10
54710,13.99,20000,0,9.57,0,0,1,3750.0,9775.0,702,10
50817,13.11,14000,0,16.78,0,0,1,5500.0,4919.0,682,7
88361,6.62,12000,0,10.86,0,0,1,12500.0,15445.0,732,3
47163,13.67,4200,0,12.52,0,1,0,5000.0,9234.0,712,4
74506,11.14,7100,0,12.46,1,0,0,2183.33,7013.0,692,10
48636,14.65,15000,0,5.52,1,0,0,5416.67,13775.0,702,10
97210,15.8,20000,1,25.89,0,0,1,4166.67,34720.0,692,5
56887,13.99,2000,0,25.13,0,0,1,7583.33,39656.0,672,10
15176,15.21,11975,1,19.81,1,0,0,5382.0,9475.0,697,3
85370,15.8,10000,0,13.57,1,0,0,4583.33,24989.0,677,10
60439,13.11,10000,0,7.23,1,0,0,3333.33,10793.0,702,1
53648,20.5,19500,0,2.93,1,0,0,9250.0,8915.0,677,10
26129,7.49,18000,0,8.52,0,1,0,4250.0,19566.0,757,10
103248,13.92,5000,0,10.8,0,0,1,2500.0,2050.0,702,0
81211,7.62,20000,0,6.61,0,0,1,10833.33,16092.0,772,4
77887,8.9,7000,0,14.69,1,0,0,5416.67,15272.0,722,3
79088,14.09,15000,1,2.67,0,0,1,7236.67,3335.0,752,2
81840,21.49,25000,1,8.76,0,0,1,6250.0,17213.0,682,9
53284,13.11,14400,0,20.52,0,0,1,3333.33,14073.0,702,3
43392,10.65,10000,0,12.56,0,0,1,2833.33,14087.0,712,5
96514,16.29,19750,0,4.68,1,0,0,8333.33,11383.0,702,0
41484,11.71,10000,0,12.03,1,0,0,4000.0,8413.0,697,10
4873,13.57,4550,0,17.46,0,0,1,10833.33,66461.0,682,0
27608,11.99,13075,1,22.52,1,0,0,7291.67,27622.0,717,10
41287,7.9,7000,0,7.65,0,0,1,2916.67,4276.0,712,3
27572,7.49,3000,0,21.16,0,0,1,2500.0,1298.0,802,2
89690,16.29,14675,0,27.23,0,0,1,3250.0,7525.0,697,2
98621,14.09,10000,0,8.48,1,0,0,3750.0,3776.0,677,3
54692,10.74,9600,1,3.58,1,0,0,8000.0,3207.0,727,3
88893,13.11,10000,0,3.01,1,0,0,9166.67,10079.0,662,6
16926,6.91,1500,0,16.74,1,0,0,5166.67,7453.0,717,6
95489,14.09,10000,0,19.17,0,0,1,3750.0,9969.0,682,0
103801,16.82,4000,1,15.82,1,0,0,4721.0,11319.0,687,10
90659,7.9,16750,0,18.16,0,1,0,9125.0,33986.0,712,2
74303,14.33,11950,0,21.22,1,0,0,5833.33,15962.0,702,8
29601,13.99,12000,1,10.34,0,0,1,4166.67,16069.0,717,10
36716,7.51,5000,0,9.53,1,0,0,4333.33,1825.0,757,7
76218,12.12,3800,0,23.36,0,1,0,2641.67,8467.0,707,3
43556,10.65,9000,0,21.53,0,0,1,3000.0,4602.0,702,0
53046,9.76,5000,0,17.79,1,0,0,3333.33,5330.0,697,6
14190,11.86,7000,0,12.03,0,0,1,3400.0,6163.0,692,0
29227,10.99,5000,0,14.66,0,0,1,7333.33,35055.0,727,1
13689,14.35,2000,0,22.06,0,1,0,3600.0,14234.0,667,6
91426,13.11,29175,0,20.68,0,0,1,5416.67,22811.0,697,10
90687,13.11,20000,1,17.76,1,0,0,4853.33,1207.0,722,8
94192,10.16,10000,0,29.83,0,0,1,4166.67,22207.0,712,2
28201,8.49,10000,0,20.27,0,0,1,6666.67,23061.0,717,5
29670,7.49,12000,0,13.4,0,0,1,5416.67,13953.0,742,2
97560,17.27,35000,1,27.13,0,1,0,10000.0,42867.0,707,1
47488,6.03,11875,0,20.8,1,0,0,2740.5,23490.0,782,10
18629,6.54,24000,0,5.62,1,0,0,9583.33,22725.0,757,3
28315,16.89,2000,0,3.31,0,0,1,2750.0,3247.0,677,2
32866,16.77,12800,1,19.12,0,1,0,4166.67,12693.0,687,5
41589,19.91,10000,0,23.35,1,0,0,6000.0,19424.0,682,5
12951,16.82,4800,1,14.84,0,0,1,4008.33,8828.0,662,8
44836,18.55,10000,0,6.24,0,0,1,5416.67,9783.0,672,3
99297,14.33,25000,0,27.88,0,1,0,5416.67,18460.0,712,10
32654,11.71,5000,0,10.12,0,0,1,9288.33,798.0,707,3
87968,14.33,16475,1,15.96,1,0,0,3333.33,5568.0,727,8
78588,7.9,8000,0,22.83,1,0,0,3750.0,2719.0,727,6
81785,19.72,28350,0,28.89,0,0,1,5833.33,10119.0,697,9
92536,17.27,21000,1,31.48,0,0,1,4583.33,32616.0,682,10
45047,7.9,6000,0,10.75,1,0,0,2883.33,4813.0,727,4
63234,14.33,10500,0,27.8,0,0,1,2500.0,16128.0,672,0
90756,15.8,16000,1,24.85,1,0,0,5416.67,9638.0,682,10
59014,10.74,10000,0,26.02,0,0,1,3750.0,6891.0,722,4
50389,21.97,35000,1,21.31,1,0,0,7833.33,27610.0,687,5
83265,13.11,2000,0,14.11,0,0,1,3750.0,1485.0,682,3
54267,8.9,12500,0,14.37,0,0,1,4154.17,10465.0,717,4
48560,12.12,5000,0,11.08,0,0,1,1833.33,5408.0,687,10
56604,14.65,12800,0,17.76,0,0,1,10000.0,5792.0,682,10
27575,6.99,15000,0,6.64,1,0,0,9083.33,1410.0,812,10
69095,7.62,5000,0,17.1,0,0,1,1750.0,8162.0,727,4
9261,14.22,7000,0,7.04,0,0,1,3010.0,3047.0,672,0
88031,14.09,13450,0,12.93,1,0,0,3333.33,5407.0,687,1
73881,14.09,20375,1,22.67,1,0,0,5416.67,20980.0,742,10
62753,15.8,1200,0,9.99,0,0,1,3833.33,6520.0,667,10
65110,14.33,2000,0,22.48,0,0,1,4333.33,8496.0,677,4
93766,7.62,28000,0,12.19,0,0,1,11250.0,40302.0,732,10
70589,12.12,7200,0,29.38,0,0,1,4166.67,5165.0,682,10
21690,5.42,4600,0,3.38,1,0,0,3664.25,3127.0,777,10
29803,6.99,8000,0,9.19,1,0,0,5833.33,4469.0,792,3
87162,18.49,20125,0,11.08,1,0,0,8937.5,12418.0,677,2
70443,14.33,19050,1,11.08,1,0,0,5000.0,19988.0,742,3
13712,10.38,5000,0,19.1,0,0,1,4200.0,1109.0,717,3
84889,15.31,12000,0,8.28,0,0,1,7750.0,16132.0,672,10
40381,6.03,5800,0,6.98,0,0,1,5208.33,4965.0,762,4
39867,11.71,10000,0,13.41,0,0,1,5800.0,4214.0,712,3
75600,7.9,4800,0,17.34,1,0,0,6250.0,4195.0,707,10
27623,10.99,8000,0,17.12,0,0,1,2500.0,7027.0,707,3
69389,16.29,9750,0,34.04,1,0,0,3119.92,8774.0,672,5
35351,12.69,4000,0,1.34,0,0,1,9583.33,5304.0,707,2
29981,10.99,3000,0,20.96,0,0,1,5583.33,1531.0,697,10
74258,15.8,16000,0,11.35,0,0,1,5075.0,22380.0,692,3
68023,7.9,9600,0,5.58,1,0,0,6500.0,23353.0,727,6
64660,22.95,23850,1,20.74,1,0,0,5000.0,17587.0,672,4
59812,14.09,6250,0,19.7,0,0,1,4248.33,9991.0,682,0
34627,12.69,4000,0,2.5,0,0,1,1600.0,1295.0,732,0
55924,19.22,23500,0,20.37,0,0,1,6800.0,31812.0,672,2
22700,7.29,1900,0,23.05,0,0,1,2208.33,8508.0,727,3
51163,7.9,22500,0,19.93,0,1,0,5208.33,22876.0,757,10
27554,8.49,12000,1,11.03,1,0,0,4425.17,14816.0,782,10
34472,12.69,15000,1,15.8,1,0,0,4500.0,18592.0,732,1
93022,17.27,32000,0,9.96,1,0,0,19166.67,66885.0,707,5
49403,24.2,24000,1,20.77,0,0,1,4583.33,28399.0,667,10
78078,15.8,5500,0,20.18,0,0,1,5416.67,13079.0,672,9
14052,7.88,7300,0,11.78,0,0,1,3090.5,13459.0,737,7
76696,11.14,4575,0,21.33,0,1,0,1280.0,9484.0,692,0
7518,14.96,10000,0,16.42,1,0,0,3416.67,16591.0,687,10
93253,11.14,11100,0,29.55,1,0,0,4000.0,13410.0,717,6
55625,10.74,17000,1,11.12,1,0,0,4166.67,19020.0,762,10
50756,12.12,24000,0,22.66,0,0,1,8750.0,29683.0,717,9
90712,17.77,7000,0,8.02,0,0,1,6000.0,6623.0,692,10
82079,12.12,10000,0,20.16,0,0,1,5833.33,25687.0,697,4
47958,6.62,14000,0,28.82,0,0,1,4250.0,1850.0,747,8
82780,11.14,18000,0,11.81,0,0,1,5100.0,17139.0,717,1
67401,21.0,19500,0,26.84,1,0,0,5125.0,29033.0,662,10
34240,17.58,20000,1,18.45,0,0,1,4250.0,11805.0,702,4
24846,13.49,6000,0,19.68,0,0,1,7500.0,6686.0,682,10
63299,14.09,14300,0,21.74,1,0,0,7750.0,25213.0,697,4
60580,12.12,12800,0,10.1,1,0,0,5000.0,33085.0,692,10
72217,13.11,25000,0,18.36,1,0,0,14166.67,96169.0,707,10
55800,12.12,18000,0,22.34,0,0,1,4583.33,17868.0,702,10
86233,15.31,9750,0,14.13,0,1,0,2518.67,13209.0,667,10
39482,12.42,5000,0,23.84,0,0,1,2500.0,7980.0,697,2
45494,13.11,4000,0,22.15,0,0,1,2000.0,1625.0,687,0
96371,17.27,12000,0,20.07,0,0,1,5416.67,3747.0,662,0
34831,16.29,5000,0,9.79,0,1,0,1733.33,4366.0,667,0
54689,7.9,21700,0,5.43,1,0,0,15000.0,128707.0,782,2
73287,16.29,21850,1,32.13,1,0,0,4628.0,32103.0,717,10
10206,11.36,12000,0,14.57,1,0,0,5833.33,2701.0,707,9
95580,18.49,7000,0,16.15,1,0,0,4166.67,4167.0,677,10
101205,23.76,32000,1,8.14,1,0,0,16666.67,50330.0,702,8
35682,14.27,13000,1,18.08,0,0,1,3302.0,15076.0,722,4
43071,12.42,12000,0,13.99,1,0,0,2916.67,13576.0,682,5
72931,11.14,10000,0,25.8,0,0,1,2833.33,6521.0,702,7
45317,12.12,5000,0,24.74,1,0,0,8416.67,58836.0,697,0
79495,14.33,4000,0,25.86,1,0,0,3333.33,19443.0,677,9
11875,10.38,8000,0,1.82,0,0,1,2800.0,2186.0,722,3
33968,10.65,35000,0,8.96,1,0,0,18750.0,18528.0,737,6
43702,6.03,9000,0,5.87,1,0,0,8333.33,1717.0,777,1
99006,17.27,24000,1,20.55,0,1,0,6250.0,17780.0,677,7
84307,13.11,18000,1,17.0,0,0,1,7083.33,2234.0,752,6
21504,13.8,4000,1,13.26,0,1,0,3500.0,8518.0,697,3
83586,17.27,6075,0,20.25,0,1,0,2666.67,7515.0,662,0
30986,17.49,13800,1,1.68,0,0,1,4166.67,2766.0,712,8
37090,18.64,10000,1,12.19,0,0,1,6800.0,8311.0,702,4
57472,17.27,15000,0,33.3,0,0,1,3000.0,15092.0,672,10
90568,6.62,4800,0,10.42,1,0,0,7291.67,0.0,817,0
60875,12.12,10500,0,5.42,0,0,1,5000.0,502.0,702,2
61143,14.33,21000,1,6.16,1,0,0,8333.33,22196.0,717,10
103140,14.26,14400,0,24.41,1,0,0,5833.33,25515.0,687,8
49664,10.74,9600,0,8.62,0,0,1,3458.33,8915.0,722,10
17864,8.88,12000,1,19.38,1,0,0,4000.0,143151.0,797,4
14831,11.86,10000,0,11.15,0,1,0,13333.0,36672.0,707,1
35303,14.65,4000,0,22.38,0,0,1,4000.0,18833.0,667,0
94468,21.49,20000,0,19.1,0,0,1,6000.0,21202.0,667,10
100313,22.95,31300,1,34.06,0,1,0,5833.33,25344.0,667,5
74445,7.9,6900,0,14.18,0,1,0,2750.0,4087.0,712,6
32593,12.42,2000,0,1.99,0,0,1,2518.75,985.0,677,7
41282,7.9,12000,0,13.18,0,1,0,5833.33,9866.0,727,4
22718,10.37,3300,0,5.47,0,0,1,3125.0,2623.0,692,7
86599,14.33,25000,0,14.92,1,0,0,10000.0,46708.0,697,10
101429,21.0,3250,0,31.84,0,0,1,2858.33,17662.0,692,6
79704,21.0,31000,1,11.48,0,0,1,5833.33,27120.0,707,0
94981,14.33,4000,0,2.95,1,0,0,2916.67,2476.0,752,10
30378,17.49,6000,0,1.58,0,0,1,4416.67,2426.0,667,8
101294,6.62,7500,0,13.13,1,0,0,9583.33,22464.0,712,4
99706,18.49,20000,0,21.8,0,0,1,6666.67,22990.0,687,10
80944,22.47,24000,1,30.97,1,0,0,10104.17,37686.0,677,10
54289,19.99,7500,0,19.06,0,0,1,3348.0,5322.0,662,10
18933,10.74,10000,0,22.74,1,0,0,5416.67,20143.0,712,10
28478,7.49,4000,0,0.52,0,0,1,5416.67,929.0,757,1
66430,13.11,7800,0,15.56,1,0,0,5000.0,12889.0,682,5
40357,15.27,15000,0,15.58,0,0,1,6666.67,23226.0,682,2
68833,18.49,14125,0,8.1,0,0,1,3000.0,8992.0,672,10
23553,5.42,8000,0,4.47,0,1,0,3936.0,5235.0,782,10
29165,7.49,4325,0,5.47,1,0,0,3691.67,5074.0,717,10
40616,13.49,15000,0,9.73,0,0,1,3000.0,7005.0,707,4
63687,10.16,12000,0,28.01,0,0,1,2916.67,6913.0,712,3
41195,8.9,6575,0,4.39,1,0,0,7500.0,6670.0,712,8
78765,10.16,9000,0,13.76,0,0,1,5166.67,6490.0,712,10
15631,8.88,4500,0,7.07,1,0,0,5250.0,9356.0,712,9
9658,13.11,1950,0,15.08,0,0,1,2600.0,4100.0,682,3
41411,16.29,35000,0,17.17,1,0,0,39583.33,55965.0,707,10
92344,14.09,8000,0,16.22,0,0,1,4166.67,16838.0,677,5
25040,10.59,15000,0,7.55,0,0,1,8750.0,6056.0,742,9
20709,7.66,5650,0,16.49,1,0,0,5100.0,9863.0,702,1
89473,15.8,6800,0,15.43,0,0,1,2708.33,2964.0,682,1
97353,19.05,3000,0,28.74,1,0,0,7116.25,7416.0,662,10
76770,11.14,5675,0,29.4,0,0,1,2333.33,9687.0,707,5
11185,17.93,12000,1,0.72,1,0,0,6500.0,1549.0,672,10
91147,15.31,11100,0,12.03,1,0,0,2666.67,8990.0,682,10
77149,19.05,16000,1,17.82,0,0,1,6666.67,11232.0,692,5
29794,10.59,4800,0,20.21,0,0,1,2666.67,3831.0,712,6
68857,10.16,6000,0,15.88,0,1,0,5166.67,8862.0,712,7
17655,10.36,2250,0,17.97,0,1,0,5833.33,14637.0,682,2
60117,12.12,10000,0,5.84,0,0,1,4333.33,4665.0,697,1
101061,14.09,10000,0,17.15,1,0,0,10416.67,12492.0,672,10
95951,13.11,12000,0,6.1,1,0,0,4833.33,12025.0,667,9
99334,13.11,12000,0,18.32,0,0,1,3916.67,12134.0,692,8
33181,12.69,8000,0,17.1,1,0,0,7083.0,9345.0,697,4
77578,10.16,10000,0,11.98,0,0,1,4166.67,10979.0,707,4
34744,14.27,6000,0,7.64,1,0,0,5184.75,14422.0,677,2
81395,12.12,4500,0,14.32,0,0,1,1250.0,6265.0,677,5
27061,7.49,3600,0,15.72,0,0,1,2500.0,650.0,742,0
70210,15.8,11200,0,12.15,0,0,1,2666.67,5666.0,677,10
24517,13.49,6000,1,14.34,0,0,1,3458.0,2072.0,692,10
76286,13.11,17000,0,15.33,1,0,0,10666.67,26539.0,722,10
94792,13.11,8000,0,6.74,1,0,0,4583.33,9085.0,667,10
4921,7.4,2800,0,7.96,1,0,0,4158.0,562.0,807,8
56382,6.03,12375,0,19.24,1,0,0,6750.0,8135.0,792,1
96461,17.27,18825,1,33.15,1,0,0,3583.33,13426.0,692,8
82091,11.14,9600,0,23.62,1,0,0,4389.92,2195.0,717,8
72589,13.11,14400,0,10.75,0,0,1,5000.0,19772.0,682,8
14073,17.56,6000,1,14.88,0,1,0,4416.67,28349.0,662,10
48356,6.03,9000,0,9.29,1,0,0,14166.67,40909.0,772,4
20698,13.06,15000,0,22.69,1,0,0,3750.0,21016.0,687,10
94912,11.14,20000,1,23.27,1,0,0,9166.67,53494.0,737,10
25018,19.69,13750,1,22.01,1,0,0,2916.67,4690.0,667,2
103622,17.19,6000,1,17.8,1,0,0,13625.0,26688.0,677,10
49201,7.9,20000,0,10.32,1,0,0,10400.0,15626.0,737,2
25680,11.49,12800,1,20.04,1,0,0,3333.33,24723.0,722,5
71671,6.03,6000,0,7.77,1,0,0,3666.67,6275.0,782,4
39314,7.51,12000,0,13.3,0,0,1,7166.67,13715.0,737,4
96016,13.11,12500,0,27.76,0,0,1,3416.67,14174.0,692,6
37380,17.58,5000,0,5.33,0,0,1,1800.0,1749.0,667,0
72539,14.33,4950,0,8.95,0,1,0,2916.67,7931.0,677,6
63746,13.11,30000,1,16.32,0,0,1,20416.67,0.0,757,2
90871,12.12,10000,0,13.81,1,0,0,6083.33,19263.0,672,8
46022,14.65,6000,0,11.89,1,0,0,14333.33,31640.0,672,10
46841,7.9,24000,0,20.87,1,0,0,10166.67,29523.0,752,2
20801,10.0,14000,1,10.4,1,0,0,11333.33,27477.0,747,4
24542,7.49,6000,0,19.33,0,0,1,2100.0,2376.0,717,2
76320,13.11,22400,0,16.08,0,0,1,7375.0,9673.0,692,10
43622,7.9,8000,0,0.0,0,0,1,7300.0,0.0,797,10
104166,14.83,8000,1,6.29,1,0,0,4833.33,9676.0,677,6
93723,14.33,10000,0,12.69,1,0,0,7916.67,8271.0,672,6
61123,6.03,5400,0,4.16,0,1,0,2333.33,4224.0,807,6
75477,6.62,12375,0,31.0,1,0,0,3500.0,14037.0,737,2
54656,16.29,30000,1,21.2,1,0,0,6666.67,32854.0,722,10
34996,6.03,5000,0,2.92,0,0,1,3033.0,3663.0,772,8
38741,18.64,6200,1,10.61,1,0,0,4250.0,5936.0,672,9
29942,7.49,7000,0,7.26,0,1,0,6280.0,353.0,752,4
73179,21.0,29175,1,8.83,0,0,1,12500.0,15308.0,697,4
24598,16.89,6000,1,9.04,0,0,1,2400.0,7261.0,682,2
40139,12.42,35000,1,12.79,1,0,0,12083.33,18385.0,732,0
28230,13.49,8450,1,12.73,1,0,0,1375.0,0.0,777,2
51424,17.99,18000,0,20.18,0,0,1,6916.67,23786.0,667,10
30070,5.42,10000,0,1.69,1,0,0,8000.0,8974.0,797,3
87108,14.09,2000,0,28.46,1,0,0,3513.33,23635.0,682,10
98762,21.98,12000,1,12.94,1,0,0,2866.5,9626.0,667,10
60055,7.62,5000,0,16.32,0,0,1,3750.0,1703.0,742,8
34591,6.03,12000,0,2.55,1,0,0,3416.67,3732.0,787,10
57677,13.99,6000,0,12.98,1,0,0,10000.0,8230.0,667,5
80956,15.31,1000,0,24.65,0,1,0,3176.0,10982.0,677,5
92077,16.29,9600,0,26.5,0,0,1,5166.67,5639.0,672,3
72346,14.09,3625,0,11.32,1,0,0,3895.0,12251.0,667,10
96897,13.11,10000,0,8.11,0,1,0,3500.0,11401.0,687,10
56674,13.67,8400,0,17.0,0,0,1,4583.33,20318.0,697,5
24980,13.99,10000,0,18.14,0,0,1,4166.67,10545.0,682,3
13069,13.23,6000,0,22.47,1,0,0,9367.0,33815.0,687,1
70800,14.33,10000,0,25.01,0,0,1,4666.67,19479.0,672,10
54229,12.12,6000,0,16.39,0,0,1,1312.08,12475.0,677,1
89139,15.31,16000,1,15.74,0,0,1,11250.0,15550.0,677,2
84592,19.72,13200,0,9.07,1,0,0,5083.33,10771.0,667,10
91669,11.14,21000,1,16.18,1,0,0,7083.33,22298.0,707,9
66349,14.33,9000,0,15.36,1,0,0,7083.33,11077.0,687,2
59388,11.14,5000,0,18.3,0,0,1,4665.83,4677.0,692,4
40061,13.49,10000,0,22.08,0,0,1,6000.0,11088.0,682,3
84394,13.11,10450,0,21.33,0,0,1,2658.83,13371.0,707,10
78960,12.12,11000,0,5.83,1,0,0,4583.33,12361.0,697,10
76662,13.11,7500,0,8.04,0,0,1,2796.8,4788.0,692,7
44650,10.74,10000,0,10.42,0,0,1,5000.0,5510.0,722,3
44434,17.27,8000,0,12.2,0,0,1,1750.0,5828.0,667,4
78935,23.83,33600,1,19.11,0,0,1,7666.67,12337.0,662,10
36760,15.27,12000,1,16.85,0,0,1,4333.33,17997.0,702,0
28305,17.49,5000,1,16.71,0,0,1,2400.0,2023.0,672,3
83591,11.14,10000,0,11.64,1,0,0,12083.33,38378.0,717,2
84575,10.16,2075,0,22.0,0,0,1,2250.0,7195.0,702,2
55999,13.99,8600,0,9.09,0,0,1,4500.0,11183.0,682,5
80302,7.9,16800,1,3.34,1,0,0,10666.67,4757.0,817,10
44003,7.51,7200,0,4.43,0,0,1,3000.0,75.0,757,6
72532,13.11,9000,0,24.88,1,0,0,5000.0,4621.0,702,6
77113,14.09,11350,0,27.41,0,0,1,2783.33,11031.0,677,0
71064,17.27,6000,1,11.2,1,0,0,8750.0,10980.0,687,6
62035,12.12,4000,0,18.44,0,0,1,2250.0,1955.0,682,0
46097,10.74,6400,0,19.23,0,0,1,3833.33,10451.0,692,0
50231,18.25,3000,0,23.18,1,0,0,4820.0,7949.0,662,7
15543,5.79,1125,0,17.68,0,1,0,3083.33,3935.0,752,6
90988,8.9,6000,0,24.57,0,0,1,6666.67,6462.0,687,2
84341,6.03,5000,0,6.11,1,0,0,5416.67,4956.0,797,8
31960,7.49,9200,0,21.52,0,0,1,2416.67,21323.0,732,10
84317,13.11,35000,1,12.02,1,0,0,20833.33,40765.0,742,5
77987,20.49,18000,1,29.25,0,0,1,3750.0,8165.0,677,6
29223,7.49,8250,0,24.19,0,0,1,2100.0,9469.0,722,1
26120,7.49,1200,0,17.88,0,1,0,1666.67,9154.0,712,10
20433,9.63,10000,0,17.96,0,0,1,7500.0,52045.0,707,10
92965,17.27,35000,1,15.3,1,0,0,9000.0,41226.0,702,10
71638,15.31,18000,0,15.56,1,0,0,6666.67,21174.0,692,10
68581,11.14,5500,0,32.16,0,1,0,1666.67,8826.0,692,3
78139,21.98,35000,1,14.68,0,0,1,9166.67,37424.0,697,3
19701,9.63,1500,0,16.98,1,0,0,7725.0,30626.0,697,6
52814,19.99,12000,0,15.16,0,0,1,4458.33,13935.0,662,4
60768,18.49,9750,0,11.59,0,1,0,2666.67,8172.0,662,3
44334,13.11,11200,1,11.73,1,0,0,3333.33,8747.0,722,10
45821,8.9,7000,0,15.79,1,0,0,4700.0,7012.0,702,1
91412,6.03,18000,0,10.75,1,0,0,7916.67,14007.0,737,7
17850,12.61,5000,0,13.4,0,0,1,2000.0,1753.0,697,2
26894,19.69,9800,1,14.89,1,0,0,5340.25,5350.0,667,2
60684,11.14,8875,0,31.7,0,0,1,2160.0,17422.0,702,10
27607,5.99,4400,0,17.93,0,1,0,4000.0,9945.0,767,5
72991,18.49,3000,0,16.07,0,1,0,2916.67,6403.0,662,0
36061,12.42,4800,0,5.31,0,0,1,3500.0,5093.0,692,5
40081,11.71,5375,0,28.75,1,0,0,2166.67,15475.0,722,8
30824,11.99,14000,1,19.52,1,0,0,6333.33,32213.0,707,0
57483,13.11,13025,0,7.75,1,0,0,4333.33,13029.0,677,10
74764,18.49,18000,0,20.56,0,0,1,9333.33,37526.0,677,6
63651,11.14,4500,0,9.73,0,0,1,2916.67,4265.0,687,4
72750,8.9,15000,0,8.56,0,0,1,7500.0,8343.0,742,0
85468,20.49,35000,1,11.84,1,0,0,18750.0,41707.0,717,1
31815,8.49,4500,0,2.54,0,0,1,2166.67,527.0,797,3
75818,17.27,4500,0,16.59,0,0,1,4666.67,893.0,677,3
4537,14.96,6000,0,11.55,0,0,1,7083.33,5341.0,762,2
16023,6.54,4500,0,15.82,1,0,0,3250.0,6049.0,727,10
36134,6.62,14000,0,20.18,0,0,1,4583.33,15890.0,752,10
87110,6.03,15000,0,8.72,1,0,0,12000.0,13151.0,802,2
84897,20.49,35000,0,20.82,1,0,0,12333.33,36870.0,702,10
63224,20.49,10000,0,18.75,0,0,1,5250.0,3802.0,687,3
103951,13.98,6000,1,24.29,0,0,1,2400.0,6069.0,697,9
72766,15.8,10000,0,13.1,1,0,0,4458.33,6413.0,677,0
40756,14.65,9600,0,2.21,0,0,1,5833.33,5879.0,677,7
69983,7.62,2000,0,24.69,1,0,0,4333.33,2792.0,767,10
100440,21.0,18825,1,19.22,0,0,1,4583.33,17292.0,682,10
78336,13.11,2000,0,19.13,0,0,1,2916.67,4376.0,672,10
83749,17.77,9000,0,13.72,0,0,1,4583.33,21175.0,672,5
96051,13.11,5750,0,24.24,0,0,1,1675.0,8035.0,707,4
55598,19.22,21725,1,22.48,0,1,0,3629.58,19685.0,677,10
92347,7.9,20000,0,33.28,0,0,1,8666.67,33067.0,727,3
63101,14.33,8400,0,11.61,0,0,1,3333.33,2060.0,672,0
29797,7.49,4500,0,27.63,0,0,1,2700.0,9341.0,722,4
42772,7.9,15000,0,20.75,1,0,0,2583.33,9608.0,727,3
64339,14.33,15000,0,27.25,1,0,0,7500.0,27872.0,682,10
60832,7.9,7200,0,21.74,0,0,1,4300.0,33189.0,712,10
29595,20.25,30000,1,10.46,1,0,0,12500.0,43491.0,697,5
48620,14.65,20125,0,17.88,1,0,0,10353.33,23698.0,697,7
40753,15.27,12000,0,16.46,0,1,0,2516.67,2174.0,672,5
32191,6.62,3600,0,9.35,0,0,1,2000.0,1710.0,737,1
98167,23.76,20000,1,18.75,1,0,0,6266.67,10784.0,662,10
31654,5.99,4350,0,3.12,0,1,0,2600.0,866.0,782,0
54076,13.67,5400,0,15.42,0,0,1,1666.67,2533.0,682,4
62644,17.77,12000,0,24.48,0,1,0,3333.33,16984.0,667,10
53454,7.9,6700,0,22.19,0,0,1,2708.33,6627.0,707,2
40692,11.71,3750,0,16.98,0,0,1,1650.0,8101.0,677,4
55177,13.67,8000,0,23.5,0,0,1,2791.67,27151.0,687,0
24187,11.49,4500,0,9.26,0,0,1,3500.0,7247.0,697,2
81254,23.28,19400,1,9.3,1,0,0,6000.0,28921.0,662,10
34871,14.27,8800,0,9.57,0,0,1,3833.33,8130.0,697,4
44681,13.99,4800,0,7.39,0,0,1,5833.33,170.0,682,1
73773,17.77,5175,0,22.93,0,0,1,1500.0,8577.0,662,5
83704,11.14,12000,0,7.85,0,0,1,6666.67,4428.0,722,9
43610,7.51,5000,0,11.4,0,0,1,1666.67,7968.0,752,10
43017,17.27,33600,1,15.08,0,0,1,5416.67,20514.0,732,8
80198,13.11,10000,0,29.13,1,0,0,8750.0,11125.0,702,0
87119,14.33,4000,0,22.74,0,0,1,1666.67,278.0,667,3
66132,15.8,20000,0,13.13,0,0,1,5000.0,17981.0,692,3
73203,14.09,12000,0,19.49,0,0,1,6166.67,6499.0,677,6
76842,21.0,17500,1,1.78,0,0,1,4166.67,3377.0,687,10
41741,11.71,10000,0,21.18,0,1,0,3333.33,7579.0,692,1
8127,14.22,3000,0,10.05,0,0,1,9166.67,22698.0,667,6
93711,15.8,10000,0,13.32,0,0,1,5000.0,11286.0,672,0
28368,8.49,5000,0,22.53,1,0,0,3000.0,3388.0,722,10
66425,21.49,16000,1,25.76,1,0,0,5000.0,10881.0,672,5
13652,10.75,4800,0,22.63,0,0,1,1750.0,11234.0,712,5
66166,18.75,24925,1,8.51,1,0,0,5250.0,15288.0,712,10
73128,12.12,4825,0,4.76,1,0,0,5416.67,6883.0,682,8
42032,18.25,18750,1,12.54,1,0,0,4833.33,11232.0,677,10
101034,15.31,5000,0,20.54,1,0,0,4166.67,12929.0,677,10
12429,16.82,10000,1,12.54,0,0,1,4417.0,6630.0,682,3
36084,7.9,5300,0,9.67,0,0,1,1945.0,5360.0,762,8
3219,9.63,5000,0,11.81,1,0,0,9166.67,23658.0,732,10
45929,6.03,2000,0,8.01,0,0,1,5833.33,2031.0,752,0
62740,20.49,7200,1,15.14,0,0,1,5166.67,14585.0,672,3
55755,16.29,8000,0,2.92,1,0,0,4250.0,4454.0,672,10
40127,12.69,1400,0,5.93,0,1,0,4583.33,1029.0,702,1
77444,8.9,9500,0,27.72,0,1,0,5000.0,18393.0,737,6
74186,11.14,12700,0,10.53,0,1,0,3333.33,8948.0,707,0
45644,9.76,10000,0,18.31,0,0,1,2916.67,5670.0,727,10
28280,13.99,5200,0,23.18,1,0,0,5000.0,28118.0,682,5
56391,13.99,10000,0,8.62,1,0,0,6458.33,7200.0,672,9
27919,11.49,1800,0,16.64,1,0,0,4250.0,26267.0,697,10
78789,18.75,19000,1,17.4,0,1,0,4000.0,5246.0,697,10
85290,20.49,24000,1,8.69,1,0,0,5833.33,23006.0,687,10
47887,13.67,12100,0,12.85,0,0,1,5000.0,12026.0,692,4
28055,17.99,12000,1,23.44,0,0,1,3916.67,8860.0,677,0
44231,15.31,12000,0,10.69,1,0,0,4416.67,13194.0,677,3
88584,19.72,10000,0,27.53,1,0,0,2916.67,11506.0,667,10
61697,15.31,8875,0,30.15,0,0,1,2291.67,11798.0,682,2
64440,17.77,10625,0,22.1,0,1,0,2633.33,12156.0,662,0
95536,17.27,10000,0,28.91,1,0,0,3500.0,9059.0,662,7
98428,20.49,12000,0,28.84,0,0,1,3980.33,19234.0,662,5
53930,15.81,10000,0,20.89,0,0,1,5541.67,10443.0,672,9
92051,16.29,3625,0,21.75,1,0,0,6666.67,3226.0,722,2
78391,12.12,8400,0,22.32,0,0,1,3333.33,5500.0,692,4
82223,16.29,3600,0,24.9,0,1,0,3666.67,11927.0,667,10
19226,17.51,14000,0,9.37,0,0,1,7916.67,13522.0,682,0
63697,6.03,15675,0,8.86,1,0,0,4166.67,13020.0,797,7
91702,8.9,10000,0,11.17,1,0,0,6666.67,14593.0,697,6
50924,7.9,29000,0,19.25,1,0,0,9166.67,75212.0,767,0
35615,12.42,4800,0,17.98,1,0,0,4500.0,30895.0,672,10
89809,12.12,9000,0,10.05,0,0,1,11666.67,9490.0,692,0
33275,12.42,4400,0,19.0,0,0,1,2000.0,2411.0,717,5
36803,11.71,3000,0,16.8,0,0,1,3083.33,413.0,697,2
61587,14.33,6250,0,20.4,1,0,0,1750.0,7845.0,677,4
32249,6.03,14000,0,9.0,1,0,0,8733.33,15108.0,772,6
39908,14.27,30000,0,8.51,1,0,0,9166.67,28967.0,717,10
33029,12.42,19600,1,22.99,0,0,1,4166.67,14783.0,747,0
7603,13.11,1600,0,18.99,1,0,0,3459.0,6281.0,672,10
57519,13.99,8000,0,18.17,0,1,0,7500.0,5987.0,672,0
64419,16.29,16075,0,17.58,1,0,0,4125.0,15781.0,697,2
27901,11.99,14400,0,13.48,1,0,0,10408.0,34354.0,712,5
80404,20.49,7750,0,9.0,1,0,0,2000.0,5399.0,662,5
23537,5.79,4200,0,8.1,1,0,0,6089.44,18861.0,752,8
48048,12.12,12800,0,21.53,0,0,1,4750.0,14291.0,697,0
83570,8.9,8000,0,26.56,1,0,0,4416.67,6701.0,722,1
23911,8.49,5000,0,16.89,1,0,0,6706.41,43734.0,732,8
11625,11.49,4000,0,4.16,0,0,1,2666.67,3239.0,722,1
23766,16.02,1800,0,4.19,0,0,1,4246.67,0.0,662,9
34802,13.49,7200,0,14.6,0,0,1,5000.0,17268.0,727,1
68503,12.12,6000,0,8.16,0,0,1,3333.33,8442.0,682,10
62824,14.33,10375,0,26.42,0,0,1,2479.17,13411.0,682,5
97264,15.8,25000,1,24.04,0,1,0,7750.0,20215.0,702,2
59807,15.31,10000,0,14.61,0,0,1,3750.0,13051.0,682,5
99967,17.77,7000,0,30.3,0,0,1,4333.33,6922.0,677,4
73978,14.33,7000,0,5.46,0,0,1,3333.33,8889.0,692,2
22573,14.91,9800,1,12.89,1,0,0,2708.33,8111.0,692,3
93394,13.11,15000,0,29.63,0,0,1,4083.33,23565.0,692,10
26312,7.91,12000,0,4.51,0,0,1,3500.0,6015.0,727,0
43527,13.49,10000,0,18.84,1,0,0,3333.33,14247.0,692,7
8698,19.41,14725,0,2.14,0,1,0,18333.33,82265.0,662,1
6712,12.53,10000,0,10.81,0,0,1,7158.33,23152.0,702,6
76797,6.62,32550,0,8.52,1,0,0,9166.67,2670.0,807,10
47097,7.9,7200,0,12.13,0,0,1,2333.33,6262.0,727,2
92717,7.62,7125,0,7.96,0,1,0,2500.0,577.0,807,1
72251,19.72,18000,1,17.37,0,0,1,10583.33,55691.0,697,5
47570,18.25,15000,0,22.45,1,0,0,5078.75,13205.0,667,10
20885,10.37,14000,1,8.69,0,0,1,5833.33,961.0,787,5
85464,14.33,8000,0,4.48,0,0,1,6250.0,14607.0,672,1
6326,7.74,3600,0,1.41,1,0,0,5666.67,2907.0,737,10
58576,22.45,20000,1,24.3,0,0,1,3666.67,9194.0,662,1
38373,9.91,10000,0,14.98,0,0,1,5000.0,16908.0,712,10
11626,7.51,4500,0,13.9,1,0,0,3000.0,387.0,767,0
42374,7.9,8000,0,23.69,1,0,0,7083.33,15497.0,727,1
54073,9.76,7425,0,7.32,1,0,0,2500.0,5045.0,707,4
97524,6.03,12000,0,18.75,1,0,0,13000.0,20197.0,727,5
43444,15.27,9000,0,24.06,0,0,1,4500.0,8533.0,672,10
80167,16.29,28000,0,19.62,1,0,0,7083.33,38194.0,712,10
85685,12.12,10500,0,11.18,0,0,1,6666.67,7738.0,712,7
95322,19.72,3600,0,10.72,0,0,1,7000.0,6263.0,667,6
19133,7.29,12000,0,27.15,0,0,1,6250.0,59089.0,742,2
35596,12.69,20000,0,15.55,0,0,1,6166.67,22739.0,712,0
62011,12.12,14000,0,7.64,0,0,1,6883.33,9715.0,697,2
34411,6.03,10000,0,5.01,1,0,0,13750.0,4357.0,777,10
39996,12.42,8000,0,9.73,0,0,1,3750.0,16212.0,707,6
60353,12.12,3500,0,10.87,1,0,0,4333.33,9971.0,677,10
91639,17.77,12000,0,22.32,0,0,1,4575.08,8048.0,677,0
41828,19.03,12250,1,23.18,1,0,0,6550.0,22493.0,662,3
10721,7.88,9000,1,8.0,1,0,0,4750.0,5348.0,802,10
66064,14.09,31825,1,4.37,1,0,0,6666.67,10864.0,752,4
24044,13.99,20000,1,21.33,0,1,0,4167.0,11372.0,747,9
41244,12.69,15000,0,14.02,0,0,1,3916.67,16355.0,707,7
74981,14.09,14000,0,15.19,0,0,1,5416.67,4211.0,692,5
54428,13.67,21000,0,8.08,0,0,1,7916.67,6524.0,707,1
19348,6.92,5000,0,18.39,0,1,0,3333.33,5806.0,727,0
82882,12.12,5000,0,20.26,1,0,0,6250.0,33500.0,677,10
91562,11.14,8000,0,5.98,1,0,0,4333.33,11822.0,712,10
75837,22.47,10000,0,34.26,1,0,0,6200.0,28850.0,677,3
26195,6.99,7000,0,14.32,0,0,1,5166.67,0.0,777,10
60761,6.03,11000,0,12.04,1,0,0,5836.67,420.0,792,0
78382,20.49,28000,1,4.36,0,0,1,8416.67,1327.0,712,5
82216,8.9,15000,0,13.59,1,0,0,9583.33,13427.0,737,5
33095,15.96,5000,0,14.36,0,0,1,8166.67,7900.0,662,10
26087,10.59,10000,0,9.68,0,1,0,8333.33,35968.0,732,10
49619,18.55,16000,0,23.88,0,0,1,5653.67,16223.0,662,5
94183,18.49,8000,0,23.37,0,1,0,5000.0,18248.0,672,10
39492,11.71,10000,0,8.69,0,0,1,2750.0,6621.0,697,3
15510,5.79,5000,0,15.69,0,1,0,5416.67,4979.0,762,10
68176,17.77,15000,0,22.45,0,0,1,3500.0,9868.0,672,7
18049,14.09,9700,0,9.52,0,0,1,7333.33,14723.0,667,3
70427,18.49,8450,0,21.98,0,1,0,2083.33,7352.0,662,3
80246,20.49,25000,1,9.15,0,0,1,5833.33,14953.0,692,9
65776,17.77,15000,0,18.24,1,0,0,6000.0,14513.0,672,10
73194,19.05,14575,0,24.23,0,0,1,3833.33,13753.0,662,10
86479,21.0,14775,1,27.59,1,0,0,4473.33,33869.0,677,10
12976,11.49,2000,0,2.44,0,0,1,2500.0,67.0,702,2
62891,10.16,2575,0,27.54,0,0,1,4166.67,18499.0,697,2
63768,14.33,4200,1,14.16,0,0,1,3850.0,5718.0,702,2
6711,20.52,8000,0,8.12,0,0,1,2500.0,7327.0,677,0
24353,14.79,9500,1,12.13,0,0,1,3000.0,14227.0,712,3
83807,13.11,12300,0,8.01,0,1,0,3083.33,6162.0,687,9
89837,17.27,4000,0,16.29,1,0,0,3750.0,13284.0,667,4
11723,18.3,20000,1,15.91,1,0,0,5833.0,16140.0,692,10
22659,12.68,12000,1,9.55,1,0,0,9750.0,17259.0,707,8
69872,14.33,4375,0,12.0,0,0,1,3333.33,2440.0,677,0
9163,14.59,3000,0,19.59,0,0,1,4073.0,6941.0,662,5
59011,6.62,13000,0,5.95,1,0,0,11666.67,11451.0,752,7
92954,8.9,16200,0,22.76,1,0,0,4666.67,15503.0,727,7
79820,18.49,25875,1,13.83,1,0,0,6000.0,12316.0,717,10
13767,19.04,15000,1,16.69,0,0,1,5250.0,8615.0,682,2
3508,16.0,2000,0,2.55,0,0,1,2000.0,0.0,667,0
52759,7.9,25000,0,1.73,0,0,1,7500.0,4329.0,767,4
98954,16.29,24000,0,29.05,1,0,0,5577.26,13393.0,692,2
98510,17.27,21850,1,21.94,0,1,0,4166.67,20971.0,712,4
94839,11.14,10000,0,19.61,0,0,1,3916.67,6395.0,722,2
68406,14.09,20000,0,9.16,1,0,0,19583.33,31277.0,712,7
86117,7.9,1000,0,17.07,1,0,0,3333.33,3186.0,722,3
14044,11.49,3500,0,14.43,1,0,0,9166.67,34944.0,692,10
43056,7.9,15000,0,22.24,0,0,1,2666.67,11105.0,737,0
45519,13.67,19000,0,15.12,0,0,1,3544.67,9503.0,687,0
92038,22.47,22750,1,29.03,0,1,0,4333.33,11567.0,672,1
19492,7.29,3500,0,15.54,1,0,0,6333.0,41602.0,717,10
84265,22.95,20000,1,7.1,0,0,1,6750.0,16104.0,667,7
80231,7.9,19000,0,9.76,1,0,0,5166.67,43617.0,772,10
78618,18.75,7200,0,16.21,0,0,1,8333.33,28916.0,662,10
86953,14.09,10000,0,9.71,0,0,1,4583.33,3859.0,677,0
85216,8.9,17500,0,10.94,1,0,0,25000.0,34545.0,732,6
38247,11.71,20000,0,9.58,1,0,0,5416.67,18267.0,727,4
91245,15.8,16200,1,7.92,1,0,0,4833.33,12313.0,682,10
53041,6.03,10000,0,13.03,0,0,1,5000.0,3952.0,762,2
63051,6.62,27000,0,12.21,1,0,0,9250.0,4211.0,812,5
68628,14.33,15875,0,17.44,1,0,0,3416.67,15891.0,677,2
98758,10.16,15000,0,28.28,1,0,0,6666.67,14880.0,692,10
45836,17.27,7000,0,18.38,0,1,0,2464.37,7089.0,667,3
52330,19.99,15000,0,18.05,0,0,1,8000.0,45976.0,662,2
48243,15.81,17000,0,17.01,0,0,1,3833.33,15484.0,687,6
63256,18.75,19075,0,15.23,0,0,1,5166.67,13749.0,672,10
42124,11.71,10000,0,8.4,0,0,1,4500.0,8404.0,712,3
74047,23.28,30000,1,12.1,1,0,0,7083.33,17969.0,677,10
65882,14.09,16000,1,21.54,0,1,0,8903.25,18898.0,742,10
55610,13.99,10000,0,4.89,1,0,0,2166.67,4544.0,682,10
38576,12.42,6000,0,16.66,0,0,1,3500.0,7753.0,677,5
